token,symbol,name,exch_seg,clean_symbol
8944,RITCO-EQ,RITCO,NSE,RITCO
765451,AUGMONT-EQ,AUGMONT,NSE,AUGMONT
765977,DOLLEX-EQ,DOLLEX,NSE,DOLLEX
766077,RENTOMOJO-EQ,RENTOMOJO,NSE,RENTOMOJO
29492,ORCHASP-EQ,ORCHASP,NSE,ORCHASP
781,DALMIASUG-EQ,DALMIASUG,NSE,DALMIASUG
7852,INOXWIND-EQ,INOXWIND,NSE,INOXWIND
7902,LFIC-EQ,LFIC,NSE,LFIC
8083,CROWN-EQ,CROWN,NSE,CROWN
2955,KALYANKJIL-EQ,KALYANKJIL,NSE,KALYANKJIL
8167,MANYAVAR-EQ,MANYAVAR,NSE,MANYAVAR
29733,NIBL-EQ,NIBL,NSE,NIBL
29877,VIVIDHA-EQ,VIVIDHA,NSE,VIVIDHA
3010,ITAXIS-EQ,ITAXIS,NSE,ITAXIS
30125,SAMMAANCAP-EQ,SAMMAANCAP,NSE,SAMMAANCAP
913,EQUITASBNK-EQ,EQUITASBNK,NSE,EQUITASBNK
9046,AGROPHOS-EQ,AGROPHOS,NSE,AGROPHOS
30290,SBIBPB-EQ,SBIBPB,NSE,SBIBPB
30392,NIF100IETF-EQ,NIF100IETF,NSE,NIF100IETF
30472,AONELIQUID-EQ,AONELIQUID,NSE,AONELIQUID
10453,SATIN-EQ,SATIN,NSE,SATIN
10579,MARKSANS-EQ,MARKSANS,NSE,MARKSANS
10619,HDFCNEXT50-EQ,HDFCNEXT50,NSE,HDFCNEXT50
1076,ZENSARTECH-EQ,ZENSARTECH,NSE,ZENSARTECH
10871,GRMOVER-EQ,GRMOVER,NSE,GRMOVER
1100,GARFIBRES-EQ,GARFIBRES,NSE,GARFIBRES
10999,MARUTI-EQ,MARUTI,NSE,MARUTI
10993,INDORAMA-EQ,INDORAMA,NSE,INDORAMA
11193,SILVERAXIS-EQ,SILVERAXIS,NSE,SILVERAXIS
11255,HDFCQUAL-EQ,HDFCQUAL,NSE,HDFCQUAL
11256,JAIBALAJI-EQ,JAIBALAJI,NSE,JAIBALAJI
3063,VEDL-EQ,VEDL,NSE,VEDL
11983,SASKEN-EQ,SASKEN,NSE,SASKEN
11987,ICIL-EQ,ICIL,NSE,ICIL
11992,SYNCOMF-EQ,SYNCOMF,NSE,SYNCOMF
12018,SUZLON-EQ,SUZLON,NSE,SUZLON
12026,RENUKA-EQ,RENUKA,NSE,RENUKA
12219,RUSTOMJEE-EQ,RUSTOMJEE,NSE,RUSTOMJEE
1232,GRASIM-EQ,GRASIM,NSE,GRASIM
12489,SWSOLAR-EQ,SWSOLAR,NSE,SWSOLAR
12686,MBAPL-EQ,MBAPL,NSE,MBAPL
13057,UNIPARTS-EQ,UNIPARTS,NSE,UNIPARTS
30893,CMRGREEN-EQ,CMRGREEN,NSE,CMRGREEN
13260,KEC-EQ,KEC,NSE,KEC
13288,AFSL-EQ,AFSL,NSE,AFSL
31258,NDL-EQ,NDL,NSE,NDL
13352,MALUPAPER-EQ,MALUPAPER,NSE,MALUPAPER
13381,KKCL-EQ,KKCL,NSE,KKCL
13404,SUNTV-EQ,SUNTV,NSE,SUNTV
13451,RATNAMANI-EQ,RATNAMANI,NSE,RATNAMANI
13496,PFOCUS-EQ,PFOCUS,NSE,PFOCUS
13501,ALLCARGO-EQ,ALLCARGO,NSE,ALLCARGO
13517,EMAMILTD-EQ,EMAMILTD,NSE,EMAMILTD
13522,NECCLTD-EQ,NECCLTD,NSE,NECCLTD
13538,TECHM-EQ,TECHM,NSE,TECHM
13620,ANANTRAJ-EQ,ANANTRAJ,NSE,ANANTRAJ
3138,HONDAPOWER-EQ,HONDAPOWER,NSE,HONDAPOWER
13648,TALBROAUTO-EQ,TALBROAUTO,NSE,TALBROAUTO
1372,HINDCOMPOS-EQ,HINDCOMPOS,NSE,HINDCOMPOS
13740,SHYAMTEL-EQ,SHYAMTEL,NSE,SHYAMTEL
3417,HONAUT-EQ,HONAUT,NSE,HONAUT
13966,HBLENGINE-EQ,HBLENGINE,NSE,HBLENGINE
14003,ZEEMEDIA-EQ,ZEEMEDIA,NSE,ZEEMEDIA
1406,HINDPETRO-EQ,HINDPETRO,NSE,HINDPETRO
1415,GLOBAL-EQ,GLOBAL,NSE,GLOBAL
14106,AUTOIND-EQ,AUTOIND,NSE,AUTOIND
14154,UNOMINDA-EQ,UNOMINDA,NSE,UNOMINDA
14194,NINSYS-EQ,NINSYS,NSE,NINSYS
14435,JKTYRE-EQ,JKTYRE,NSE,JKTYRE
14602,WEBELSOLAR-EQ,WEBELSOLAR,NSE,WEBELSOLAR
14774,111NSETEST-EQ,111NSETEST,NSE,111NSETEST
14917,TAKE-EQ,TAKE,NSE,TAKE
15002,SUPREMEINF-EQ,SUPREMEINF,NSE,SUPREMEINF
15157,RHL-EQ,RHL,NSE,RHL
15174,TARIL-EQ,TARIL,NSE,TARIL
3637,JUBLPHARMA-EQ,JUBLPHARMA,NSE,JUBLPHARMA
15347,GSS-EQ,GSS,NSE,GSS
1581,TARC-EQ,TARC,NSE,TARC
15716,PIGL-EQ,PIGL,NSE,PIGL
1593,MGEL-EQ,MGEL,NSE,MGEL
16395,MMP-EQ,MMP,NSE,MMP
16908,TOUCHWOOD-EQ,TOUCHWOOD,NSE,TOUCHWOOD
16933,INDBANK-EQ,INDBANK,NSE,INDBANK
368,BASF-EQ,BASF,NSE,BASF
3672,SOLARA-EQ,SOLARA,NSE,SOLARA
17022,MAWANASUG-EQ,MAWANASUG,NSE,MAWANASUG
3703,VIPIND-EQ,VIPIND,NSE,VIPIND
17181,NEXT50-EQ,NEXT50,NSE,NEXT50
17186,SHRIPISTON-EQ,SHRIPISTON,NSE,SHRIPISTON
17187,CYIENTDLM-EQ,CYIENTDLM,NSE,CYIENTDLM
17256,ALBERTDAVD-EQ,ALBERTDAVD,NSE,ALBERTDAVD
17270,ASPINWALL-EQ,ASPINWALL,NSE,ASPINWALL
17313,LLOYDSME-EQ,LLOYDSME,NSE,LLOYDSME
17358,UTKARSHBNK-EQ,UTKARSHBNK,NSE,UTKARSHBNK
17419,BANKETF-EQ,BANKETF,NSE,BANKETF
17433,NETWEB-EQ,NETWEB,NSE,NETWEB
3715,VLSFINANCE-EQ,VLSFINANCE,NSE,VLSFINANCE
17534,MGL-EQ,MGL,NSE,MGL
17603,MAHEPC-EQ,MAHEPC,NSE,MAHEPC
17651,POKARNA-EQ,POKARNA,NSE,POKARNA
3736,WALCHANNAG-EQ,WALCHANNAG,NSE,WALCHANNAG
393,GLOBE-EQ,GLOBE,NSE,GLOBE
17764,REFEX-EQ,REFEX,NSE,REFEX
17869,JSWENERGY-EQ,JSWENERGY,NSE,JSWENERGY
18029,MBLINFRA-EQ,MBLINFRA,NSE,MBLINFRA
18232,LORDSCHLO-EQ,LORDSCHLO,NSE,LORDSCHLO
18391,RBLBANK-EQ,RBLBANK,NSE,RBLBANK
18553,JLHL-EQ,JLHL,NSE,JLHL
18564,LTTS-EQ,LTTS,NSE,LTTS
18659,MARATHON-EQ,MARATHON,NSE,MARATHON
18727,MASKINVEST-EQ,MASKINVEST,NSE,MASKINVEST
18760,YATRA-EQ,YATRA,NSE,YATRA
18822,ENDURANCE-EQ,ENDURANCE,NSE,ENDURANCE
3772,WILLAMAGOR-EQ,WILLAMAGOR,NSE,WILLAMAGOR
18889,KSL-EQ,KSL,NSE,KSL
18931,SUNDARAM-EQ,SUNDARAM,NSE,SUNDARAM
18962,RAJRATAN-EQ,RAJRATAN,NSE,RAJRATAN
19111,NBIFIN-EQ,NBIFIN,NSE,NBIFIN
1927,LIQUIDETF-EQ,LIQUIDETF,NSE,LIQUIDETF
19235,IMFA-EQ,IMFA,NSE,IMFA
3906,CAPLIPOINT-EQ,CAPLIPOINT,NSE,CAPLIPOINT
19458,PLAZACABLE-EQ,PLAZACABLE,NSE,PLAZACABLE
1979,LMW-EQ,LMW,NSE,LMW
1997,LICHSGFIN-EQ,LICHSGFIN,NSE,LICHSGFIN
19877,RADIOCITY-EQ,RADIOCITY,NSE,RADIOCITY
2004,AHLADA-EQ,AHLADA,NSE,AHLADA
20134,RAMKY-EQ,RAMKY,NSE,RAMKY
20152,ASKAUTOLTD-EQ,ASKAUTOLTD,NSE,ASKAUTOLTD
20224,JWL-EQ,JWL,NSE,JWL
2029,IRFC-EQ,IRFC,NSE,IRFC
20261,IREDA-EQ,IREDA,NSE,IREDA
20831,MUTHOOTMF-EQ,MUTHOOTMF,NSE,MUTHOOTMF
20854,HAPPYFORGE-EQ,HAPPYFORGE,NSE,HAPPYFORGE
20936,KIRLOSENG-EQ,KIRLOSENG,NSE,KIRLOSENG
20956,SUNCLAY-EQ,SUNCLAY,NSE,SUNCLAY
21091,STARCEMENT-EQ,STARCEMENT,NSE,STARCEMENT
212,ASHOKLEY-EQ,ASHOKLEY,NSE,ASHOKLEY
21238,AUBANK-EQ,AUBANK,NSE,AUBANK
2144,BDL-EQ,BDL,NSE,BDL
2176,AKG-EQ,AKG,NSE,AKG
2181,BOSCHLTD-EQ,BOSCHLTD,NSE,BOSCHLTD
21957,INDTERRAIN-EQ,INDTERRAIN,NSE,INDTERRAIN
22360,MCL-EQ,MCL,NSE,MCL
22433,HDFCNIFBAN-EQ,HDFCNIFBAN,NSE,HDFCNIFBAN
22488,ITBETA-EQ,ITBETA,NSE,ITBETA
22524,GILT10BETA-EQ,GILT10BETA,NSE,GILT10BETA
22739,MON100-EQ,MON100,NSE,MON100
23175,KRYSTAL-EQ,KRYSTAL,NSE,KRYSTAL
10181,BALKRISHNA-EQ,BALKRISHNA,NSE,BALKRISHNA
10243,SYNGENE-EQ,SYNGENE,NSE,SYNGENE
10346,DGCONTENT-EQ,DGCONTENT,NSE,DGCONTENT
10530,SHARDAMOTR-EQ,SHARDAMOTR,NSE,SHARDAMOTR
10577,KRBL-EQ,KRBL,NSE,KRBL
10590,LOYALTEX-EQ,LOYALTEX,NSE,LOYALTEX
10580,TCI-EQ,TCI,NSE,TCI
10676,MNC-EQ,MNC,NSE,MNC
10825,MOVALUE-EQ,MOVALUE,NSE,MOVALUE
422,BHARATFORG-EQ,BHARATFORG,NSE,BHARATFORG
11037,BANKIETF-EQ,BANKIETF,NSE,BANKIETF
1110,DANGEE-EQ,DANGEE,NSE,DANGEE
11072,AGRITECH-EQ,AGRITECH,NSE,AGRITECH
11184,IDFCFIRSTB-EQ,IDFCFIRSTB,NSE,IDFCFIRSTB
11253,WELSPUNLIV-EQ,WELSPUNLIV,NSE,WELSPUNLIV
11260,HDFCVALUE-EQ,HDFCVALUE,NSE,HDFCVALUE
1134,APOLLO-EQ,APOLLO,NSE,APOLLO
11386,PVTBANIETF-EQ,PVTBANIETF,NSE,PVTBANIETF
1139,GICHSGFIN-EQ,GICHSGFIN,NSE,GICHSGFIN
11394,ZOTA-EQ,ZOTA,NSE,ZOTA
11411,RKFORGE-EQ,RKFORGE,NSE,RKFORGE
11445,PILANIINVS-EQ,PILANIINVS,NSE,PILANIINVS
11480,KRIDHANINF-EQ,KRIDHANINF,NSE,KRIDHANINF
11547,HDFCLOWVOL-EQ,HDFCLOWVOL,NSE,HDFCLOWVOL
1174,GNFC-EQ,GNFC,NSE,GNFC
11606,GUFICBIO-EQ,GUFICBIO,NSE,GUFICBIO
11773,VISHAL-EQ,VISHAL,NSE,VISHAL
11821,WELCORP-EQ,WELCORP,NSE,WELCORP
11892,VHL-EQ,VHL,NSE,VHL
1196,KANSAINER-EQ,KANSAINER,NSE,KANSAINER
11895,DCXINDIA-EQ,DCXINDIA,NSE,DCXINDIA
11919,MSPL-EQ,MSPL,NSE,MSPL
11999,FCSSOFT-EQ,FCSSOFT,NSE,FCSSOFT
12022,AURIONPRO-EQ,AURIONPRO,NSE,AURIONPRO
12092,KAYNES-EQ,KAYNES,NSE,KAYNES
12101,HDFCNIFIT-EQ,HDFCNIFIT,NSE,HDFCNIFIT
1214,DELTAMAGNT-EQ,DELTAMAGNT,NSE,DELTAMAGNT
1235,GREAVESCOT-EQ,GREAVESCOT,NSE,GREAVESCOT
12848,N1NSETEST-EQ,N1NSETEST,NSE,N1NSETEST
12863,V1NSETEST-EQ,V1NSETEST,NSE,V1NSETEST
12913,SARVESHWAR-EQ,SARVESHWAR,NSE,SARVESHWAR
13,ABB-EQ,ABB,NSE,ABB
13072,IIFLCAPS-EQ,IIFLCAPS,NSE,IIFLCAPS
1313,HARRMALAYA-EQ,HARRMALAYA,NSE,HARRMALAYA
13342,VAKRANGEE-EQ,VAKRANGEE,NSE,VAKRANGEE
1338,SDBL-EQ,SDBL,NSE,SDBL
13463,PIONEEREMB-EQ,PIONEEREMB,NSE,PIONEEREMB
13560,GRINDWELL-EQ,GRINDWELL,NSE,GRINDWELL
13587,ACE-EQ,ACE,NSE,ACE
13592,HGM-EQ,HGM,NSE,HGM
13720,JHS-EQ,JHS,NSE,JHS
13725,DCBBANK-EQ,DCBBANK,NSE,DCBBANK
13771,VGL-EQ,VGL,NSE,VGL
13816,LTFOODS-EQ,LTFOODS,NSE,LTFOODS
1394,HINDUNILVR-EQ,HINDUNILVR,NSE,HINDUNILVR
14008,AVTNPL-EQ,AVTNPL,NSE,AVTNPL
1412,AGI-EQ,AGI,NSE,AGI
14134,PITTIENG-EQ,PITTIENG,NSE,PITTIENG
14233,HDFCSML250-EQ,HDFCSML250,NSE,HDFCSML250
14286,GOLDETF-EQ,GOLDETF,NSE,GOLDETF
14319,TFL-EQ,TFL,NSE,TFL
14346,ORIENTALTL-EQ,ORIENTALTL,NSE,ORIENTALTL
14385,POCL-EQ,POCL,NSE,POCL
14418,ASTRAL-EQ,ASTRAL,NSE,ASTRAL
1442,SANOFI-EQ,SANOFI,NSE,SANOFI
14423,LAOPALA-EQ,LAOPALA,NSE,LAOPALA
14459,LEXUS-EQ,LEXUS,NSE,LEXUS
14480,GOKULAGRO-EQ,GOKULAGRO,NSE,GOKULAGRO
14567,BFUTILITIE-EQ,BFUTILITIE,NSE,BFUTILITIE
14732,DLF-EQ,DLF,NSE,DLF
14745,ADVANIHOTR-EQ,ADVANIHOTR,NSE,ADVANIHOTR
14766,V2RETAIL-EQ,V2RETAIL,NSE,V2RETAIL
1480,REPL-EQ,REPL,NSE,REPL
14788,SPARC-EQ,SPARC,NSE,SPARC
14871,USK-EQ,USK,NSE,USK
4067,MARICO-EQ,MARICO,NSE,MARICO
15032,PSUBNKBEES-EQ,PSUBNKBEES,NSE,PSUBNKBEES
15034,BAJAJELEC-EQ,BAJAJELEC,NSE,BAJAJELEC
15044,DELTACORP-EQ,DELTACORP,NSE,DELTACORP
15199,MANAKSIA-EQ,MANAKSIA,NSE,MANAKSIA
15214,DVL-EQ,DVL,NSE,DVL
15229,LICNFNHGP-EQ,LICNFNHGP,NSE,LICNFNHGP
4160,NORBTEAEXP-EQ,NORBTEAEXP,NSE,NORBTEAEXP
438,BHEL-EQ,BHEL,NSE,BHEL
15377,PDMJEPAPER-EQ,PDMJEPAPER,NSE,PDMJEPAPER
15399,EIHAHOTELS-EQ,EIHAHOTELS,NSE,EIHAHOTELS
15409,NESCO-EQ,NESCO,NSE,NESCO
4378,SENSEXIETF-EQ,SENSEXIETF,NSE,SENSEXIETF
15883,HINDWAREAP-EQ,HINDWAREAP,NSE,HINDWAREAP
16045,PRINCEPIPE-EQ,PRINCEPIPE,NSE,PRINCEPIPE
1630,IONEXCHANG-EQ,IONEXCHANG,NSE,IONEXCHANG
16249,CCAVENUE-EQ,CCAVENUE,NSE,CCAVENUE
4421,CREDITACC-EQ,CREDITACC,NSE,CREDITACC
445,5PAISA-EQ,5PAISA,NSE,5PAISA
16822,IKIO-EQ,IKIO,NSE,IKIO
16915,ZFCVINDIA-EQ,ZFCVINDIA,NSE,ZFCVINDIA
17105,SUMICHEM-EQ,SUMICHEM,NSE,SUMICHEM
17357,GKWLIMITED-EQ,GKWLIMITED,NSE,GKWLIMITED
17395,SETF10GILT-EQ,SETF10GILT,NSE,SETF10GILT
17520,RTNPOWER-EQ,RTNPOWER,NSE,RTNPOWER
1756,JINDALPOLY-EQ,JINDALPOLY,NSE,JINDALPOLY
471,OSWALGREEN-EQ,OSWALGREEN,NSE,OSWALGREEN
17704,QUESS-EQ,QUESS,NSE,QUESS
17758,SARDAEN-EQ,SARDAEN,NSE,SARDAEN
17808,QUAL30IETF-EQ,QUAL30IETF,NSE,QUAL30IETF
17875,GODREJPROP-EQ,GODREJPROP,NSE,GODREJPROP
17957,MMTC-EQ,MMTC,NSE,MMTC
18142,EMMBI-EQ,EMMBI,NSE,EMMBI
1826,KAMATHOTEL-EQ,KAMATHOTEL,NSE,KAMATHOTEL
18284,HNGSNGBEES-EQ,HNGSNGBEES,NSE,HNGSNGBEES
4668,BANKBARODA-EQ,BANKBARODA,NSE,BANKBARODA
18566,RRKABEL-EQ,RRKABEL,NSE,RRKABEL
1859,KESORAMIND-EQ,KESORAMIND,NSE,KESORAMIND
18593,EMSLIMITED-EQ,EMSLIMITED,NSE,EMSLIMITED
1879,CARYSIL-EQ,CARYSIL,NSE,CARYSIL
18783,IDFNIFTYET-EQ,IDFNIFTYET,NSE,IDFNIFTYET
19142,UMESLTD-EQ,UMESLTD,NSE,UMESLTD
19184,SFL-EQ,SFL,NSE,SFL
4771,TCIFINANCE-EQ,TCIFINANCE,NSE,TCIFINANCE
489,ICEMAKE-EQ,ICEMAKE,NSE,ICEMAKE
4934,IPL-EQ,IPL,NSE,IPL
19496,SECMARK-EQ,SECMARK,NSE,SECMARK
19543,HDFCGOLD-EQ,HDFCGOLD,NSE,HDFCGOLD
19633,ITETF-EQ,ITETF,NSE,ITETF
19640,ALPHAETF-EQ,ALPHAETF,NSE,ALPHAETF
19867,AMNPLST-EQ,AMNPLST,NSE,AMNPLST
1994,LIBERTSHOE-EQ,LIBERTSHOE,NSE,LIBERTSHOE
19931,ORISSAMINE-EQ,ORISSAMINE,NSE,ORISSAMINE
20160,CANTABIL-EQ,CANTABIL,NSE,CANTABIL
20196,BEDMUTHA-EQ,BEDMUTHA,NSE,BEDMUTHA
20372,FLAIR-EQ,FLAIR,NSE,FLAIR
20425,NACLIND-EQ,NACLIND,NSE,NACLIND
20531,BAJEL-EQ,BAJEL,NSE,BAJEL
206,ASHIMASYN-EQ,ASHIMASYN,NSE,ASHIMASYN
20616,SUPERHOUSE-EQ,SUPERHOUSE,NSE,SUPERHOUSE
20621,PENIND-EQ,PENIND,NSE,PENIND
20776,BHAGYANGR-EQ,BHAGYANGR,NSE,BHAGYANGR
21119,KICL-EQ,KICL,NSE,KICL
21154,ERIS-EQ,ERIS,NSE,ERIS
21247,DIGIDRIVE-EQ,DIGIDRIVE,NSE,DIGIDRIVE
21275,SUMMITSEC-EQ,SUMMITSEC,NSE,SUMMITSEC
21578,COMSYN-EQ,COMSYN,NSE,COMSYN
21705,MEDIASSIST-EQ,MEDIASSIST,NSE,MEDIASSIST
5049,CLEAN-EQ,CLEAN,NSE,CLEAN
21749,CAPACITE-EQ,CAPACITE,NSE,CAPACITE
21828,TEXRAIL-EQ,TEXRAIL,NSE,TEXRAIL
22415,LOVABLE-EQ,LOVABLE,NSE,LOVABLE
2256,PENINLAND-EQ,PENINLAND,NSE,PENINLAND
22670,RPTECH-EQ,RPTECH,NSE,RPTECH
2277,MRF-EQ,MRF,NSE,MRF
22901,GOLDCASE-EQ,GOLDCASE,NSE,GOLDCASE
5108,KPIGREEN-EQ,KPIGREEN,NSE,KPIGREEN
2319,NCC-EQ,NCC,NSE,NCC
10227,MANORAMA-EQ,MANORAMA,NSE,MANORAMA
10297,PPL-EQ,PPL,NSE,PPL
1038,FINCABLES-EQ,FINCABLES,NSE,FINCABLES
10415,MUTHOOTCAP-EQ,MUTHOOTCAP,NSE,MUTHOOTCAP
1044,BNKETFAXIS-EQ,BNKETFAXIS,NSE,BNKETFAXIS
10440,LUPIN-EQ,LUPIN,NSE,LUPIN
10512,CONS-EQ,CONS,NSE,CONS
10557,NAVKARCORP-EQ,NAVKARCORP,NSE,NAVKARCORP
10723,INFRAIETF-EQ,INFRAIETF,NSE,INFRAIETF
10876,HDFCSILVER-EQ,HDFCSILVER,NSE,HDFCSILVER
1127,GHCL-EQ,GHCL,NSE,GHCL
11239,NSIL-EQ,NSIL,NSE,NSIL
11265,TVSELECT-EQ,TVSELECT,NSE,TVSELECT
11275,TVTODAY-EQ,TVTODAY,NSE,TVTODAY
11293,UNIENTER-EQ,UNIENTER,NSE,UNIENTER
11399,SALZERELEC-EQ,SALZERELEC,NSE,SALZERELEC
11573,FORCEMOT-EQ,FORCEMOT,NSE,FORCEMOT
11618,ASTRAMICRO-EQ,ASTRAMICRO,NSE,ASTRAMICRO
5162,TATVA-EQ,TATVA,NSE,TATVA
11630,NTPC-EQ,NTPC,NSE,NTPC
11677,INDOCO-EQ,INDOCO,NSE,INDOCO
11794,SAKSOFT-EQ,SAKSOFT,NSE,SAKSOFT
11840,NH-EQ,NH,NSE,NH
5352,EXXARO-EQ,EXXARO,NSE,EXXARO
11956,MEDANTA-EQ,MEDANTA,NSE,MEDANTA
11979,HTMEDIA-EQ,HTMEDIA,NSE,HTMEDIA
5426,NUVOCO-EQ,NUVOCO,NSE,NUVOCO
12153,BBTCL-EQ,BBTCL,NSE,BBTCL
12188,INOXGREEN-EQ,INOXGREEN,NSE,INOXGREEN
12716,TEAMLEASE-EQ,TEAMLEASE,NSE,TEAMLEASE
128,ROUTE-EQ,ROUTE,NSE,ROUTE
1289,GFLLIMITED-EQ,GFLLIMITED,NSE,GFLLIMITED
13001,DHARMAJ-EQ,DHARMAJ,NSE,DHARMAJ
13091,EKC-EQ,EKC,NSE,EKC
13106,NAHARINDUS-EQ,NAHARINDUS,NSE,NAHARINDUS
5428,TRIGYN-EQ,TRIGYN,NSE,TRIGYN
13182,ROHLTD-EQ,ROHLTD,NSE,ROHLTD
1327,HCL-INSYS-EQ,HCL-INSYS,NSE,HCL-INSYS
13270,JKCEMENT-EQ,JKCEMENT,NSE,JKCEMENT
13290,BLKASHYAP-EQ,BLKASHYAP,NSE,BLKASHYAP
13295,VISACHROME-EQ,VISACHROME,NSE,VISACHROME
13300,NITCO-EQ,NITCO,NSE,NITCO
13376,UTTAMSUGAR-EQ,UTTAMSUGAR,NSE,UTTAMSUGAR
13421,EMKAY-EQ,EMKAY,NSE,EMKAY
13510,AKASH-EQ,AKASH,NSE,AKASH
13557,AVONMORE-EQ,AVONMORE,NSE,AVONMORE
1360,HIMATSEIDE-EQ,HIMATSEIDE,NSE,HIMATSEIDE
13577,VOLTAMP-EQ,VOLTAMP,NSE,VOLTAMP
13631,SKYGOLD-EQ,SKYGOLD,NSE,SKYGOLD
13637,JMFINANCIL-EQ,JMFINANCIL,NSE,JMFINANCIL
13689,AERONEU-EQ,AERONEU,NSE,AERONEU
13810,GREENPANEL-EQ,GREENPANEL,NSE,GREENPANEL
13890,HIRECT-EQ,HIRECT,NSE,HIRECT
14111,NETWORK18-EQ,NETWORK18,NSE,NETWORK18
14329,SMSPHARMA-EQ,SMSPHARMA,NSE,SMSPHARMA
14413,PAGEIND-EQ,PAGEIND,NSE,PAGEIND
14428,GOLDBEES-EQ,GOLDBEES,NSE,GOLDBEES
14440,NAHARSPING-EQ,NAHARSPING,NSE,NAHARSPING
1455,BIRLANU-EQ,BIRLANU,NSE,BIRLANU
14518,ABSLLIQUID-EQ,ABSLLIQUID,NSE,ABSLLIQUID
14582,SRHHYPOLTD-EQ,SRHHYPOLTD,NSE,SRHHYPOLTD
14672,NAVINFLUOR-EQ,NAVINFLUOR,NSE,NAVINFLUOR
14742,SENSEXAXIS-EQ,SENSEXAXIS,NSE,SENSEXAXIS
14762,061NSETEST-EQ,061NSETEST,NSE,061NSETEST
14771,TARMAT-EQ,TARMAT,NSE,TARMAT
14777,121NSETEST-EQ,121NSETEST,NSE,121NSETEST
14813,ADSL-EQ,ADSL,NSE,ADSL
14848,ALPA-EQ,ALPA,NSE,ALPA
14908,KDDL-EQ,KDDL,NSE,KDDL
14977,POWERGRID-EQ,POWERGRID,NSE,POWERGRID
15058,AVALON-EQ,AVALON,NSE,AVALON
15073,BVCL-EQ,BVCL,NSE,BVCL
15083,ADANIPORTS-EQ,ADANIPORTS,NSE,ADANIPORTS
5501,YUKEN-EQ,YUKEN,NSE,YUKEN
5516,JAIPURKURT-EQ,JAIPURKURT,NSE,JAIPURKURT
15266,JKIL-EQ,JKIL,NSE,JKIL
15337,RAIN-EQ,RAIN,NSE,RAIN
15360,NAHARCAP-EQ,NAHARCAP,NSE,NAHARCAP
15362,VGUARD-EQ,VGUARD,NSE,VGUARD
15391,RACE-EQ,RACE,NSE,RACE
10277,NGLFINE-EQ,NGLFINE,NSE,NGLFINE
10310,AURUM-EQ,AURUM,NSE,AURUM
637,CHAMBLFERT-EQ,CHAMBLFERT,NSE,CHAMBLFERT
10588,SHREEPUSHK-EQ,SHREEPUSHK,NSE,SHREEPUSHK
10585,MOM30IETF-EQ,MOM30IETF,NSE,MOM30IETF
10618,SADBHIN-EQ,SADBHIN,NSE,SADBHIN
10634,ASAL-EQ,ASAL,NSE,ASAL
10666,PNB-EQ,PNB,NSE,PNB
10690,NIFTYQLITY-EQ,NIFTYQLITY,NSE,NIFTYQLITY
10794,CANBK-EQ,CANBK,NSE,CANBK
641,DNAMEDIA-EQ,DNAMEDIA,NSE,DNAMEDIA
1085,GABRIEL-EQ,GABRIEL,NSE,GABRIEL
10939,JUNIORBEES-EQ,JUNIORBEES,NSE,JUNIORBEES
6407,LAMBODHARA-EQ,LAMBODHARA,NSE,LAMBODHARA
10990,RADICO-EQ,RADICO,NSE,RADICO
11058,SECURKLOUD-EQ,SECURKLOUD,NSE,SECURKLOUD
11223,UCOBANK-EQ,UCOBANK,NSE,UCOBANK
11241,HDFCGROWTH-EQ,HDFCGROWTH,NSE,HDFCGROWTH
1030,AARON-EQ,AARON,NSE,AARON
6417,KRITI-EQ,KRITI,NSE,KRITI
10285,AYMSYNTEX-EQ,AYMSYNTEX,NSE,AYMSYNTEX
10099,GODREJCP-EQ,GODREJCP,NSE,GODREJCP
10176,SETFNIF50-EQ,SETFNIF50,NSE,SETFNIF50
10397,JISLJALEQS-EQ,JISLJALEQS,NSE,JISLJALEQS
11325,MUKANDLTD-EQ,MUKANDLTD,NSE,MUKANDLTD
11355,PTC-EQ,PTC,NSE,PTC
10188,SHYAMCENT-EQ,SHYAMCENT,NSE,SHYAMCENT
10511,NIFTYBETA-EQ,NIFTYBETA,NSE,NIFTYBETA
11423,DATAMATICS-EQ,DATAMATICS,NSE,DATAMATICS
6445,TECHNOE-EQ,TECHNOE,NSE,TECHNOE
10568,RAMAPHO-EQ,RAMAPHO,NSE,RAMAPHO
10637,OLECTRA-EQ,OLECTRA,NSE,OLECTRA
11483,LT-EQ,LT,NSE,LT
1073,FOSECOIND-EQ,FOSECOIND,NSE,FOSECOIND
10753,UNIONBANK-EQ,UNIONBANK,NSE,UNIONBANK
10693,MOMENTUM-EQ,MOMENTUM,NSE,MOMENTUM
10473,POWERMECH-EQ,POWERMECH,NSE,POWERMECH
10761,SILVERADD-EQ,SILVERADD,NSE,SILVERADD
10793,SYRMA-EQ,SYRMA,NSE,SYRMA
11640,BOHRAIND-EQ,BOHRAIND,NSE,BOHRAIND
1190,FMGOETZE-EQ,FMGOETZE,NSE,FMGOETZE
10599,GUJENERGY-EQ,GUJENERGY,NSE,GUJENERGY
10859,DREAMFOLKS-EQ,DREAMFOLKS,NSE,DREAMFOLKS
10905,GENESYS-EQ,GENESYS,NSE,GENESYS
10940,DIVISLAB-EQ,DIVISLAB,NSE,DIVISLAB
10945,TMB-EQ,TMB,NSE,TMB
11027,INFOBEAN-EQ,INFOBEAN,NSE,INFOBEAN
11909,SWELECTES-EQ,SWELECTES,NSE,SWELECTES
11927,NECLIFE-EQ,NECLIFE,NSE,NECLIFE
11943,MCLEODRUSS-EQ,MCLEODRUSS,NSE,MCLEODRUSS
10604,BHARTIARTL-EQ,BHARTIARTL,NSE,BHARTIARTL
10661,PONNIERODE-EQ,PONNIERODE,NSE,PONNIERODE
1200,ESG-EQ,ESG,NSE,ESG
10700,SURANAT&P-EQ,SURANAT&P,NSE,SURANAT&P
10717,TEAMGTY-EQ,TEAMGTY,NSE,TEAMGTY
11065,NATHBIOGEN-EQ,NATHBIOGEN,NSE,NATHBIOGEN
11082,LIBAS-EQ,LIBAS,NSE,LIBAS
11971,GOLDIAM-EQ,GOLDIAM,NSE,GOLDIAM
12000,FAZE3Q-EQ,FAZE3Q,NSE,FAZE3Q
10733,SPORTKING-EQ,SPORTKING,NSE,SPORTKING
11140,SUMIT-EQ,SUMIT,NSE,SUMIT
11369,TTKHLTCARE-EQ,TTKHLTCARE,NSE,TTKHLTCARE
6568,LAXMICOT-EQ,LAXMICOT,NSE,LAXMICOT
11373,BIOCON-EQ,BIOCON,NSE,BIOCON
11432,KRITINUT-EQ,KRITINUT,NSE,KRITINUT
11435,SPANDANA-EQ,SPANDANA,NSE,SPANDANA
12842,G1NSETEST-EQ,G1NSETEST,NSE,G1NSETEST
11457,NV20-EQ,NV20,NSE,NV20
11522,NIITLTD-EQ,NIITLTD,NSE,NIITLTD
11566,DCI-EQ,DCI,NSE,DCI
6951,LINC-EQ,LINC,NSE,LINC
11582,TRACXN-EQ,TRACXN,NSE,TRACXN
1315,GALAXYSURF-EQ,GALAXYSURF,NSE,GALAXYSURF
13147,PVRINOX-EQ,PVRINOX,NSE,PVRINOX
13198,COMMOIETF-EQ,COMMOIETF,NSE,COMMOIETF
13236,SADBHAV-EQ,SADBHAV,NSE,SADBHAV
11654,LALPATHLAB-EQ,LALPATHLAB,NSE,LALPATHLAB
11689,SUPRAJIT-EQ,SUPRAJIT,NSE,SUPRAJIT
11703,ALKEM-EQ,ALKEM,NSE,ALKEM
6961,MENONBE-EQ,MENONBE,NSE,MENONBE
13276,LANDMARK-EQ,LANDMARK,NSE,LANDMARK
13285,M&MFIN-EQ,M&MFIN,NSE,M&MFIN
11860,JKPAPER-EQ,JKPAPER,NSE,JKPAPER
11884,MANINDS-EQ,MANINDS,NSE,MANINDS
13332,SOLARINDS-EQ,SOLARINDS,NSE,SOLARINDS
13367,SGL-EQ,SGL,NSE,SGL
13436,LOKESHMACH-EQ,LOKESHMACH,NSE,LOKESHMACH
11915,YESBANK-EQ,YESBANK,NSE,YESBANK
1348,HEROMOTOCO-EQ,HEROMOTOCO,NSE,HEROMOTOCO
12009,IMPAL-EQ,IMPAL,NSE,IMPAL
13511,MUNJALAU-EQ,MUNJALAU,NSE,MUNJALAU
12024,ACI-EQ,ACI,NSE,ACI
13644,BANKADD-EQ,BANKADD,NSE,BANKADD
13656,ALICON-EQ,ALICON,NSE,ALICON
12124,DOLATALGO-EQ,DOLATALGO,NSE,DOLATALGO
701,HEMIPROP-EQ,HEMIPROP,NSE,HEMIPROP
13761,BBL-EQ,BBL,NSE,BBL
12490,VINNY-EQ,VINNY,NSE,VINNY
13814,KAMOPAINTS-EQ,KAMOPAINTS,NSE,KAMOPAINTS
13875,JINDRILL-EQ,JINDRILL,NSE,JINDRILL
13951,PARACABLES-EQ,PARACABLES,NSE,PARACABLES
12809,HYBRIDFIN-EQ,HYBRIDFIN,NSE,HYBRIDFIN
13987,ABSLBANETF-EQ,ABSLBANETF,NSE,ABSLBANETF
14014,LUMAXTECH-EQ,LUMAXTECH,NSE,LUMAXTECH
13035,SAFARI-EQ,SAFARI,NSE,SAFARI
13061,360ONE-EQ,360ONE,NSE,360ONE
13143,GSEC10IETF-EQ,GSEC10IETF,NSE,GSEC10IETF
714,SHALBY-EQ,SHALBY,NSE,SHALBY
14230,HDFCBSE500-EQ,HDFCBSE500,NSE,HDFCBSE500
14260,PGIL-EQ,PGIL,NSE,PGIL
7074,MAHKTECH-EQ,MAHKTECH,NSE,MAHKTECH
13192,ENIL-EQ,ENIL,NSE,ENIL
14309,INDIANB-EQ,INDIANB,NSE,INDIANB
1328,MARINE-EQ,MARINE,NSE,MARINE
13275,INDOTECH-EQ,INDOTECH,NSE,INDOTECH
1336,HEGAM-EQ,HEGAM,NSE,HEGAM
13305,CENTURYPLY-EQ,CENTURYPLY,NSE,CENTURYPLY
13359,KFINTECH-EQ,KFINTECH,NSE,KFINTECH
13430,KELLTONTEC-EQ,KELLTONTEC,NSE,KELLTONTEC
13423,ELIN-EQ,ELIN,NSE,ELIN
14490,NCLIND-EQ,NCLIND,NSE,NCLIND
136,ANDHRSUGAR-EQ,ANDHRSUGAR,NSE,ANDHRSUGAR
14607,TGBHOTELS-EQ,TGBHOTELS,NSE,TGBHOTELS
14657,INSECTICID-EQ,INSECTICID,NSE,INSECTICID
14702,NAGREEKEXP-EQ,NAGREEKEXP,NSE,NAGREEKEXP
13710,FIEMIND-EQ,FIEMIND,NSE,FIEMIND
13730,INSPIRISYS-EQ,INSPIRISYS,NSE,INSPIRISYS
13751,NAUKRI-EQ,NAUKRI,NSE,NAUKRI
14712,HGS-EQ,HGS,NSE,HGS
14751,021NSETEST-EQ,021NSETEST,NSE,021NSETEST
14778,131NSETEST-EQ,131NSETEST,NSE,131NSETEST
13753,MANOMAY-EQ,MANOMAY,NSE,MANOMAY
14889,ASIANTILES-EQ,ASIANTILES,NSE,ASIANTILES
14942,NAGREEKCAP-EQ,NAGREEKCAP,NSE,NAGREEKCAP
7091,SEJALLTD-EQ,SEJALLTD,NSE,SEJALLTD
13839,DONEAR-EQ,DONEAR,NSE,DONEAR
715,SUDARCOLOR-EQ,SUDARCOLOR,NSE,SUDARCOLOR
13868,AARTIPHARM-EQ,AARTIPHARM,NSE,AARTIPHARM
15067,BLAL-EQ,BLAL,NSE,BLAL
15068,RELIGARE-EQ,RELIGARE,NSE,RELIGARE
1507,MOGSEC-EQ,MOGSEC,NSE,MOGSEC
13941,PRAENG-EQ,PRAENG,NSE,PRAENG
15124,KOLTEPATIL-EQ,KOLTEPATIL,NSE,KOLTEPATIL
1515,INDIACEM-EQ,INDIACEM,NSE,INDIACEM
15219,PATINTLOG-EQ,PATINTLOG,NSE,PATINTLOG
14019,VEEDOL-EQ,VEEDOL,NSE,VEEDOL
14150,BTML-EQ,BTML,NSE,BTML
14223,TIIL-EQ,TIIL,NSE,TIIL
15283,KNRCON-EQ,KNRCON,NSE,KNRCON
15355,RECLTD-EQ,RECLTD,NSE,RECLTD
15356,GOLDADD-EQ,GOLDADD,NSE,GOLDADD
15555,HCG-EQ,HCG,NSE,HCG
1565,RVHL-EQ,RVHL,NSE,RVHL
14278,ORIENTBELL-EQ,ORIENTBELL,NSE,ORIENTBELL
14299,PFC-EQ,PFC,NSE,PFC
14305,OSWALSEEDS-EQ,OSWALSEEDS,NSE,OSWALSEEDS
15840,LATTEYS-EQ,LATTEYS,NSE,LATTEYS
14339,GANESHHOU-EQ,GANESHHOU,NSE,GANESHHOU
14366,IDEA-EQ,IDEA,NSE,IDEA
1624,IOC-EQ,IOC,NSE,IOC
14466,KIRLFER-EQ,KIRLFER,NSE,KIRLFER
14552,PHOENIXLTD-EQ,PHOENIXLTD,NSE,PHOENIXLTD
16657,ANIKINDS-EQ,ANIKINDS,NSE,ANIKINDS
14562,ZENITHSTL-EQ,ZENITHSTL,NSE,ZENITHSTL
1465,ACCURACY-EQ,ACCURACY,NSE,ACCURACY
14687,GOACARBON-EQ,GOACARBON,NSE,GOACARBON
14758,051NSETEST-EQ,051NSETEST,NSE,051NSETEST
16859,SINDHUTRAD-EQ,SINDHUTRAD,NSE,SINDHUTRAD
17029,PATANJALI-EQ,PATANJALI,NSE,PATANJALI
7339,ABSLNN50ET-EQ,ABSLNN50ET,NSE,ABSLNN50ET
1476,IDBI-EQ,IDBI,NSE,IDBI
14761,NELCAST-EQ,NELCAST,NSE,NELCAST
14784,161NSETEST-EQ,161NSETEST,NSE,161NSETEST
14786,LOWVOL-EQ,LOWVOL,NSE,LOWVOL
740,SBIETFIT-EQ,SBIETFIT,NSE,SBIETFIT
14838,DECCANCE-EQ,DECCANCE,NSE,DECCANCE
14912,KPRMILL-EQ,KPRMILL,NSE,KPRMILL
17197,PAKKA-EQ,PAKKA,NSE,PAKKA
14922,PURVA-EQ,PURVA,NSE,PURVA
14952,INDOWIND-EQ,INDOWIND,NSE,INDOWIND
14966,CSBBANK-EQ,CSBBANK,NSE,CSBBANK
17547,AMRUTANJAN-EQ,AMRUTANJAN,NSE,AMRUTANJAN
17939,HINDCOPPER-EQ,HINDCOPPER,NSE,HINDCOPPER
1521,INDIAGLYCO-EQ,INDIAGLYCO,NSE,INDIAGLYCO
15228,UJJIVANSFB-EQ,UJJIVANSFB,NSE,UJJIVANSFB
17881,DBCORP-EQ,DBCORP,NSE,DBCORP
1797,AWHCL-EQ,AWHCL,NSE,AWHCL
15234,AMBIKCO-EQ,AMBIKCO,NSE,AMBIKCO
15259,RPOWER-EQ,RPOWER,NSE,RPOWER
756782,KRISHIVAL-EQ,KRISHIVAL,NSE,KRISHIVAL
15330,QGOLDHALF-EQ,QGOLDHALF,NSE,QGOLDHALF
18151,TVSSCS-EQ,TVSSCS,NSE,TVSSCS
15414,TITAGARH-EQ,TITAGARH,NSE,TITAGARH
18214,TEXMOPIPES-EQ,TEXMOPIPES,NSE,TEXMOPIPES
1633,IPCALAB-EQ,IPCALAB,NSE,IPCALAB
18226,MANINFRA-EQ,MANINFRA,NSE,MANINFRA
16589,VAISHALI-EQ,VAISHALI,NSE,VAISHALI
18292,IVZINGOLD-EQ,IVZINGOLD,NSE,IVZINGOLD
184,TCPLPACK-EQ,TCPLPACK,NSE,TCPLPACK
18608,ZAGGLE-EQ,ZAGGLE,NSE,ZAGGLE
16639,KIRIINDUS-EQ,KIRIINDUS,NSE,KIRIINDUS
16658,SIGMA-EQ,SIGMA,NSE,SIGMA
16682,PTCIL-EQ,PTCIL,NSE,PTCIL
18652,ICICIPRULI-EQ,ICICIPRULI,NSE,ICICIPRULI
16819,QNIFTY-EQ,QNIFTY,NSE,QNIFTY
16863,LPDC-EQ,LPDC,NSE,LPDC
16900,DPWIRES-EQ,DPWIRES,NSE,DPWIRES
16943,ASHOKAMET-EQ,ASHOKAMET,NSE,ASHOKAMET
19084,ITBEES-EQ,ITBEES,NSE,ITBEES
757658,FISCHER-EQ,FISCHER,NSE,FISCHER
19237,MONIFTY500-EQ,MONIFTY500,NSE,MONIFTY500
1708,JAYBARMARU-EQ,JAYBARMARU,NSE,JAYBARMARU
17044,SHARIABEES-EQ,SHARIABEES,NSE,SHARIABEES
1720,JAYSREETEA-EQ,JAYSREETEA,NSE,JAYSREETEA
19597,IRMENERGY-EQ,IRMENERGY,NSE,IRMENERGY
17388,ADANIPOWER-EQ,ADANIPOWER,NSE,ADANIPOWER
17424,GLOBUSSPR-EQ,GLOBUSSPR,NSE,GLOBUSSPR
17486,EXPLEOSOL-EQ,EXPLEOSOL,NSE,EXPLEOSOL
19937,KILITCH-EQ,KILITCH,NSE,KILITCH
17635,ZYDUSWELL-EQ,ZYDUSWELL,NSE,ZYDUSWELL
17641,SUNTECK-EQ,SUNTECK,NSE,SUNTECK
17700,LTGILTBEES-EQ,LTGILTBEES,NSE,LTGILTBEES
20092,TASTYBITE-EQ,TASTYBITE,NSE,TASTYBITE
20110,GREENPOWER-EQ,GREENPOWER,NSE,GREENPOWER
17728,ASTEC-EQ,ASTEC,NSE,ASTEC
17794,SOMICONVEY-EQ,SOMICONVEY,NSE,SOMICONVEY
757669,MOALPHA50-EQ,MOALPHA50,NSE,MOALPHA50
20242,OBEROIRLTY-EQ,OBEROIRLTY,NSE,OBEROIRLTY
20302,PRESTIGE-EQ,PRESTIGE,NSE,PRESTIGE
17801,LLOYDSENGG-EQ,LLOYDSENGG,NSE,LLOYDSENGG
17818,LTM-EQ,LTM,NSE,LTM
17851,DLINKINDIA-EQ,DLINKINDIA,NSE,DLINKINDIA
20527,PRUDMOULI-EQ,PRUDMOULI,NSE,PRUDMOULI
20532,GOLDAXIS-EQ,GOLDAXIS,NSE,GOLDAXIS
20547,BBNPPGOLD-EQ,BBNPPGOLD,NSE,BBNPPGOLD
1808,KAJARIACER-EQ,KAJARIACER,NSE,KAJARIACER
18110,VASCONEQ-EQ,VASCONEQ,NSE,VASCONEQ
18119,SRGHFL-EQ,SRGHFL,NSE,SRGHFL
18139,DOLPHIN-EQ,DOLPHIN,NSE,DOLPHIN
20607,INOXINDIA-EQ,INOXINDIA,NSE,INOXINDIA
18321,LGBBROSLTD-EQ,LGBBROSLTD,NSE,LGBBROSLTD
18359,SANDUMA-EQ,SANDUMA,NSE,SANDUMA
18908,PNBHOUSING-EQ,PNBHOUSING,NSE,PNBHOUSING
21001,PSB-EQ,PSB,NSE,PSB
21017,FMNL-EQ,FMNL,NSE,FMNL
2112,MARALOVER-EQ,MARALOVER,NSE,MARALOVER
19,STYRENIX-EQ,STYRENIX,NSE,STYRENIX
19036,PODDARMENT-EQ,PODDARMENT,NSE,PODDARMENT
19061,MANAPPURAM-EQ,MANAPPURAM,NSE,MANAPPURAM
757801,IGCL-EQ,IGCL,NSE,IGCL
19126,KIOCL-EQ,KIOCL,NSE,KIOCL
21469,OPTIEMUS-EQ,OPTIEMUS,NSE,OPTIEMUS
19223,TCIEXP-EQ,TCIEXP,NSE,TCIEXP
19322,HISARMETAL-EQ,HISARMETAL,NSE,HISARMETAL
21501,SIS-EQ,SIS,NSE,SIS
19372,SPCENET-EQ,SPCENET,NSE,SPCENET
21623,APEX-EQ,APEX,NSE,APEX
21794,DAVANGERE-EQ,DAVANGERE,NSE,DAVANGERE
19631,PRICOLLTD-EQ,PRICOLLTD,NSE,PRICOLLTD
758986,GCSL-EQ,GCSL,NSE,GCSL
19795,CELLO-EQ,CELLO,NSE,CELLO
19813,HONASA-EQ,HONASA,NSE,HONASA
19943,DEEPAKNTR-EQ,DEEPAKNTR,NSE,DEEPAKNTR
19955,WAAREEINDO-EQ,WAAREEINDO,NSE,WAAREEINDO
201,UNIDT-EQ,UNIDT,NSE,UNIDT
759007,ATLANTAELE-EQ,ATLANTAELE,NSE,ATLANTAELE
20188,WABAG-EQ,WABAG,NSE,WABAG
20223,CLEDUCATE-EQ,CLEDUCATE,NSE,CLEDUCATE
20323,RESPONIND-EQ,RESPONIND,NSE,RESPONIND
20374,COALINDIA-EQ,COALINDIA,NSE,COALINDIA
20481,WIPL-EQ,WIPL,NSE,WIPL
22233,DHUNINV-EQ,DHUNINV,NSE,DHUNINV
22730,VSTL-EQ,VSTL,NSE,VSTL
2289,HLEGLAS-EQ,HLEGLAS,NSE,HLEGLAS
20760,RPPINFRA-EQ,RPPINFRA,NSE,RPPINFRA
20822,SURAJEST-EQ,SURAJEST,NSE,SURAJEST
20830,MOIL-EQ,MOIL,NSE,MOIL
759012,GANESHCP-EQ,GANESHCP,NSE,GANESHCP
759103,HILINFRA-EQ,HILINFRA,NSE,HILINFRA
21077,SURANASOL-EQ,SURANASOL,NSE,SURANASOL
759176,TIGERLOGS-EQ,TIGERLOGS,NSE,TIGERLOGS
23621,JNKINDIA-EQ,JNKINDIA,NSE,JNKINDIA
21174,CDSL-EQ,CDSL,NSE,CDSL
23693,INDGN-EQ,INDGN,NSE,INDGN
21339,STEELXIND-EQ,STEELXIND,NSE,STEELXIND
21508,COCHINSHIP-EQ,COCHINSHIP,NSE,COCHINSHIP
21683,BRNL-EQ,BRNL,NSE,BRNL
759251,EPACKPEB-EQ,EPACKPEB,NSE,EPACKPEB
21770,ICICIGI-EQ,ICICIGI,NSE,ICICIGI
21840,DIAMONDYD-EQ,DIAMONDYD,NSE,DIAMONDYD
220,IEX-EQ,IEX,NSE,IEX
24533,OILIETF-EQ,OILIETF,NSE,OILIETF
24735,RPEL-EQ,RPEL,NSE,RPEL
2475,ONGC-EQ,ONGC,NSE,ONGC
10217,ADANIENSOL-EQ,ADANIENSOL,NSE,ADANIENSOL
10238,CONFIPET-EQ,CONFIPET,NSE,CONFIPET
2496,ORIENTPPR-EQ,ORIENTPPR,NSE,ORIENTPPR
25073,RAYMONDLSL-EQ,RAYMONDLSL,NSE,RAYMONDLSL
10417,DYCL-EQ,DYCL,NSE,DYCL
10738,OFSS-EQ,OFSS,NSE,OFSS
22377,MAXHEALTH-EQ,MAXHEALTH,NSE,MAXHEALTH
10791,NUCLEUS-EQ,NUCLEUS,NSE,NUCLEUS
10755,APTECHT-EQ,APTECHT,NSE,APTECHT
25358,PGEL-EQ,PGEL,NSE,PGEL
22428,MAXIND-EQ,MAXIND,NSE,MAXIND
22440,BANKBETA-EQ,BANKBETA,NSE,BANKBETA
759397,SOLEX-EQ,SOLEX,NSE,SOLEX
2562,HUHTAMAKI-EQ,HUHTAMAKI,NSE,HUHTAMAKI
10922,OMAXAUTO-EQ,OMAXAUTO,NSE,OMAXAUTO
22521,GILT5BETA-EQ,GILT5BETA,NSE,GILT5BETA
11045,SATIA-EQ,SATIA,NSE,SATIA
22592,HEALTHADD-EQ,HEALTHADD,NSE,HEALTHADD
25640,LICMFGOLD-EQ,LICMFGOLD,NSE,LICMFGOLD
25672,DIFFNKG-EQ,DIFFNKG,NSE,DIFFNKG
25718,POLYMED-EQ,POLYMED,NSE,POLYMED
25758,GROWWDEFNC-EQ,GROWWDEFNC,NSE,GROWWDEFNC
759402,ADVANCE-EQ,ADVANCE,NSE,ADVANCE
11212,SHK-EQ,SHK,NSE,SHK
22656,SIGNPOST-EQ,SIGNPOST,NSE,SIGNPOST
157,APOLLOHOSP-EQ,APOLLOHOSP,NSE,APOLLOHOSP
1594,INFY-EQ,INFY,NSE,INFY
1597,INGERRAND-EQ,INGERRAND,NSE,INGERRAND
16192,PAVNAIND-EQ,PAVNAIND,NSE,PAVNAIND
16253,EBBETF0430-EQ,EBBETF0430,NSE,EBBETF0430
22722,LICNMID100-EQ,LICNMID100,NSE,LICNMID100
1628,BECTORFOOD-EQ,BECTORFOOD,NSE,BECTORFOOD
22824,JUNIPER-EQ,JUNIPER,NSE,JUNIPER
27047,MASTERTR-EQ,MASTERTR,NSE,MASTERTR
27084,KMEW-EQ,KMEW,NSE,KMEW
16675,BAJAJFINSV-EQ,BAJAJFINSV,NSE,BAJAJFINSV
16683,DIGISPICE-EQ,DIGISPICE,NSE,DIGISPICE
16705,GOKUL-EQ,GOKUL,NSE,GOKUL
759428,GROWWRLTY-EQ,GROWWRLTY,NSE,GROWWRLTY
1672,HGINFRA-EQ,HGINFRA,NSE,HGINFRA
22947,EXICOM-EQ,EXICOM,NSE,EXICOM
16913,ARTEMISMED-EQ,ARTEMISMED,NSE,ARTEMISMED
2792,EASEMYTRIP-EQ,EASEMYTRIP,NSE,EASEMYTRIP
2816,RALLIS-EQ,RALLIS,NSE,RALLIS
2829,ANURAS-EQ,ANURAS,NSE,ANURAS
17053,HMAAGRO-EQ,HMAAGRO,NSE,HMAAGRO
2837,RANASUG-EQ,RANASUG,NSE,RANASUG
2841,LXCHEM-EQ,LXCHEM,NSE,LXCHEM
2328,CPSEETF-EQ,CPSEETF,NSE,CPSEETF
2854,CRAFTSMAN-EQ,CRAFTSMAN,NSE,CRAFTSMAN
17576,PVTBANKADD-EQ,PVTBANKADD,NSE,PVTBANKADD
759448,SHREEJISPG-EQ,SHREEJISPG,NSE,SHREEJISPG
28687,MAMATA-EQ,MAMATA,NSE,MAMATA
28805,SANATHAN-EQ,SANATHAN,NSE,SANATHAN
17702,MIDSELIETF-EQ,MIDSELIETF,NSE,MIDSELIETF
17833,AHLUCONT-EQ,AHLUCONT,NSE,AHLUCONT
28899,KITEX-EQ,KITEX,NSE,KITEX
17859,REDTAPE-EQ,REDTAPE,NSE,REDTAPE
759951,JARO-EQ,JARO,NSE,JARO
759956,ARSSBL-EQ,ARSSBL,NSE,ARSSBL
29087,QUADFUTURE-EQ,QUADFUTURE,NSE,QUADFUTURE
17963,NESTLEIND-EQ,NESTLEIND,NSE,NESTLEIND
759992,AONETMMQ50-EQ,AONETMMQ50,NSE,AONETMMQ50
760188,SRTL-EQ,SRTL,NSE,SRTL
1814,KPIL-EQ,KPIL,NSE,KPIL
18060,CONCORDBIO-EQ,CONCORDBIO,NSE,CONCORDBIO
18086,DBL-EQ,DBL,NSE,DBL
18154,HATHWAY-EQ,HATHWAY,NSE,HATHWAY
29624,AJAXENGG-EQ,AJAXENGG,NSE,AJAXENGG
18250,PYRAMID-EQ,PYRAMID,NSE,PYRAMID
18417,RISHABH-EQ,RISHABH,NSE,RISHABH
18431,BIGBLOC-EQ,BIGBLOC,NSE,BIGBLOC
30023,ATULAUTO-EQ,ATULAUTO,NSE,ATULAUTO
3009,KOHINOOR-EQ,KOHINOOR,NSE,KOHINOOR
30105,GOLD360-EQ,GOLD360,NSE,GOLD360
30244,BHARATSE-EQ,BHARATSE,NSE,BHARATSE
18743,SIGNATURE-EQ,SIGNATURE,NSE,SIGNATURE
18883,SJVN-EQ,SJVN,NSE,SJVN
18921,VBL-EQ,VBL,NSE,VBL
30249,ISHANCH-EQ,ISHANCH,NSE,ISHANCH
30274,SILVERCASE-EQ,SILVERCASE,NSE,SILVERCASE
1901,CUMMINSIND-EQ,CUMMINSIND,NSE,CUMMINSIND
19020,JSWINFRA-EQ,JSWINFRA,NSE,JSWINFRA
308,BAJAJHIND-EQ,BAJAJHIND,NSE,BAJAJHIND
760234,AEQUS-EQ,AEQUS,NSE,AEQUS
19113,UDS-EQ,UDS,NSE,UDS
3103,SHREECEM-EQ,SHREECEM,NSE,SHREECEM
19196,TI-EQ,TI,NSE,TI
31181,MCX-EQ,MCX,NSE,MCX
31475,ORBTEXP-EQ,ORBTEXP,NSE,ORBTEXP
3275,TEMBO-EQ,TEMBO,NSE,TEMBO
1923,WEALTH-EQ,WEALTH,NSE,WEALTH
330,VALIANTORG-EQ,VALIANTORG,NSE,VALIANTORG
3291,STARPAPER-EQ,STARPAPER,NSE,STARPAPER
3292,DEEPINDS-EQ,DEEPINDS,NSE,DEEPINDS
1937,KREBSBIO-EQ,KREBSBIO,NSE,KREBSBIO
19289,MOM50-EQ,MOM50,NSE,MOM50
3363,SUPREMEIND-EQ,SUPREMEIND,NSE,SUPREMEIND
3396,TAINWALCHM-EQ,TAINWALCHM,NSE,TAINWALCHM
3389,AGARIND-EQ,AGARIND,NSE,AGARIND
341,BALRAMCHIN-EQ,BALRAMCHIN,NSE,BALRAMCHIN
3403,AJOONI-EQ,AJOONI,NSE,AJOONI
3435,BBOX-EQ,BBOX,NSE,BBOX
3475,THERMAX-EQ,THERMAX,NSE,THERMAX
3482,CLSEL-EQ,CLSEL,NSE,CLSEL
3626,HEALTHIETF-EQ,HEALTHIETF,NSE,HEALTHIETF
19913,DMART-EQ,DMART,NSE,DMART
3646,VARDMNPOLY-EQ,VARDMNPOLY,NSE,VARDMNPOLY
3721,TATACOMM-EQ,TATACOMM,NSE,TATACOMM
3745,WATERBASE-EQ,WATERBASE,NSE,WATERBASE
3813,ARIHANTCAP-EQ,ARIHANTCAP,NSE,ARIHANTCAP
3821,ZODIACLOTH-EQ,ZODIACLOTH,NSE,ZODIACLOTH
3834,BHARATRAS-EQ,BHARATRAS,NSE,BHARATRAS
3857,VARROC-EQ,VARROC,NSE,VARROC
3892,HATSUN-EQ,HATSUN,NSE,HATSUN
4299,STERTOOLS-EQ,STERTOOLS,NSE,STERTOOLS
4157,KEYFINSERV-EQ,KEYFINSERV,NSE,KEYFINSERV
20293,TATATECH-EQ,TATATECH,NSE,TATATECH
4306,SHRIRAMFIN-EQ,SHRIRAMFIN,NSE,SHRIRAMFIN
4391,GULFOILLUB-EQ,GULFOILLUB,NSE,GULFOILLUB
4469,ELECTHERM-EQ,ELECTHERM,NSE,ELECTHERM
4529,NEXT50IETF-EQ,NEXT50IETF,NSE,NEXT50IETF
203,ASHAPURMIN-EQ,ASHAPURMIN,NSE,ASHAPURMIN
20322,FEDFINA-EQ,FEDFINA,NSE,FEDFINA
2048,INDIGOPNTS-EQ,INDIGOPNTS,NSE,INDIGOPNTS
4594,KOTHARIPET-EQ,KOTHARIPET,NSE,KOTHARIPET
4693,SHYAMMETL-EQ,SHYAMMETL,NSE,SHYAMMETL
20551,DOMS-EQ,DOMS,NSE,DOMS
23365,AQYLON-EQ,AQYLON,NSE,AQYLON
20877,PSPPROJECT-EQ,PSPPROJECT,NSE,PSPPROJECT
23512,TARACHAND-EQ,TARACHAND,NSE,TARACHAND
20905,AZAD-EQ,AZAD,NSE,AZAD
23740,TBOTEK-EQ,TBOTEK,NSE,TBOTEK
21254,LOWVOLIETF-EQ,LOWVOLIETF,NSE,LOWVOLIETF
21406,AVADHSUGAR-EQ,AVADHSUGAR,NSE,AVADHSUGAR
21427,THEINVEST-EQ,THEINVEST,NSE,THEINVEST
21551,HALEOSLABS-EQ,HALEOSLABS,NSE,HALEOSLABS
2406,NEULANDLAB-EQ,NEULANDLAB,NSE,NEULANDLAB
21704,DCAL-EQ,DCAL,NSE,DCAL
21750,LIQUIDCASE-EQ,LIQUIDCASE,NSE,LIQUIDCASE
24226,STANLEY-EQ,STANLEY,NSE,STANLEY
2188,GENCON-EQ,GENCON,NSE,GENCON
24378,RELIABLE-EQ,RELIABLE,NSE,RELIABLE
24461,EVINDIA-EQ,EVINDIA,NSE,EVINDIA
245,ADL-EQ,ADL,NSE,ADL
21986,BANKBETF-EQ,BANKBETF,NSE,BANKBETF
24538,MAITHANALL-EQ,MAITHANALL,NSE,MAITHANALL
22,ACC-EQ,ACC,NSE,ACC
24595,RUSHIL-EQ,RUSHIL,NSE,RUSHIL
2481,ONWARDTEC-EQ,ONWARDTEC,NSE,ONWARDTEC
760254,CORONA-EQ,CORONA,NSE,CORONA
22365,ITIETF-EQ,ITIETF,NSE,ITIETF
24851,SUYOG-EQ,SUYOG,NSE,SUYOG
24966,SURAJLTD-EQ,SURAJLTD,NSE,SURAJLTD
22463,EPACK-EQ,EPACK,NSE,EPACK
760351,PARKHOSPS-EQ,PARKHOSPS,NSE,PARKHOSPS
25060,ECOSMOBLTY-EQ,ECOSMOBLTY,NSE,ECOSMOBLTY
2514,OSWALAGRO-EQ,OSWALAGRO,NSE,OSWALAGRO
22602,PFS-EQ,PFS,NSE,PFS
25340,VASWANI-EQ,VASWANI,NSE,VASWANI
760715,HALDER-EQ,HALDER,NSE,HALDER
2268,MOTOGENFIN-EQ,MOTOGENFIN,NSE,MOTOGENFIN
25744,METAL-EQ,METAL,NSE,METAL
2275,IRISDOREME-EQ,IRISDOREME,NSE,IRISDOREME
25835,VINCOFE-EQ,VINCOFE,NSE,VINCOFE
22846,GPTHEALTH-EQ,GPTHEALTH,NSE,GPTHEALTH
2294,MTNL-EQ,MTNL,NSE,MTNL
760946,KWIL-EQ,KWIL,NSE,KWIL
2614,HERANBA-EQ,HERANBA,NSE,HERANBA
760986,HEALTHCARE-EQ,HEALTHCARE,NSE,HEALTHCARE
23142,PVSL-EQ,PVSL,NSE,PVSL
2320,SMCGLOBAL-EQ,SMCGLOBAL,NSE,SMCGLOBAL
27061,ACMESOLAR-EQ,ACMESOLAR,NSE,ACMESOLAR
27097,NIVABUPA-EQ,NIVABUPA,NSE,NIVABUPA
2814,ARVEE-EQ,ARVEE,NSE,ARVEE
10932,RADAAN-EQ,RADAAN,NSE,RADAAN
10948,STCINDIA-EQ,STCINDIA,NSE,STCINDIA
2868,HITECH-EQ,HITECH,NSE,HITECH
28764,CEWATER-EQ,CEWATER,NSE,CEWATER
11006,LIQUIDBEES-EQ,LIQUIDBEES,NSE,LIQUIDBEES
11039,DCMNVL-EQ,DCMNVL,NSE,DCMNVL
11060,KSOLVES-EQ,KSOLVES,NSE,KSOLVES
11155,CNL-EQ,CNL,NSE,CNL
11220,VARDHACRLC-EQ,VARDHACRLC,NSE,VARDHACRLC
761192,KRISHNADEF-EQ,KRISHNADEF,NSE,KRISHNADEF
29598,REPCOHOME-EQ,REPCOHOME,NSE,REPCOHOME
1129,GTECJAINX-EQ,GTECJAINX,NSE,GTECJAINX
11287,UPL-EQ,UPL,NSE,UPL
11233,SUVEN-EQ,SUVEN,NSE,SUVEN
11343,AFFLE-EQ,AFFLE,NSE,AFFLE
11359,DHANBANK-EQ,DHANBANK,NSE,DHANBANK
11374,TIPSFILMS-EQ,TIPSFILMS,NSE,TIPSFILMS
11439,BANKBEES-EQ,BANKBEES,NSE,BANKBEES
11511,CENTEXT-EQ,CENTEXT,NSE,CENTEXT
11530,EMIL-EQ,EMIL,NSE,EMIL
11536,TCS-EQ,TCS,NSE,TCS
11543,COFORGE-EQ,COFORGE,NSE,COFORGE
3002,WONDERLA-EQ,WONDERLA,NSE,WONDERLA
11571,PPLPHARMA-EQ,PPLPHARMA,NSE,PPLPHARMA
11591,HDFCNIFTY-EQ,HDFCNIFTY,NSE,HDFCNIFTY
11627,NARMADA-EQ,NARMADA,NSE,NARMADA
11787,GOYALALUM-EQ,GOYALALUM,NSE,GOYALALUM
1185,AMBER-EQ,AMBER,NSE,AMBER
11796,HPIL-EQ,HPIL,NSE,HPIL
11829,SSWL-EQ,SSWL,NSE,SSWL
30121,EQUAL200-EQ,EQUAL200,NSE,EQUAL200
30155,VALUEAXIS-EQ,VALUEAXIS,NSE,VALUEAXIS
11864,PRIMESECU-EQ,PRIMESECU,NSE,PRIMESECU
3018,SAURASHCEM-EQ,SAURASHCEM,NSE,SAURASHCEM
11872,GRANULES-EQ,GRANULES,NSE,GRANULES
11932,FUSION-EQ,FUSION,NSE,FUSION
12015,AEROENTER-EQ,AEROENTER,NSE,AEROENTER
1205,GOODYEAR-EQ,GOODYEAR,NSE,GOODYEAR
4822,DODLA-EQ,DODLA,NSE,DODLA
12034,BASML-EQ,BASML,NSE,BASML
4986,IRCON-EQ,IRCON,NSE,IRCON
5194,ANTGRAPHIC-EQ,ANTGRAPHIC,NSE,ANTGRAPHIC
5200,GRAUWEIL-EQ,GRAUWEIL,NSE,GRAUWEIL
1247,GSFC-EQ,GSFC,NSE,GSFC
5264,PDSL-EQ,PDSL,NSE,PDSL
5313,UGROCAP-EQ,UGROCAP,NSE,UGROCAP
5449,CHEMPLASTS-EQ,CHEMPLASTS,NSE,CHEMPLASTS
1267,GUJALKALI-EQ,GUJALKALI,NSE,GUJALKALI
5782,MASPTOP50-EQ,MASPTOP50,NSE,MASPTOP50
12978,NPBET-EQ,NPBET,NSE,NPBET
5865,LAGNAM-EQ,LAGNAM,NSE,LAGNAM
5948,SOUTHBANK-EQ,SOUTHBANK,NSE,SOUTHBANK
13111,ORIENTCER-EQ,ORIENTCER,NSE,ORIENTCER
13116,QUICKHEAL-EQ,QUICKHEAL,NSE,QUICKHEAL
13121,KERNEX-EQ,KERNEX,NSE,KERNEX
6045,PASUPTAC-EQ,PASUPTAC,NSE,PASUPTAC
6125,GOODLUCK-EQ,GOODLUCK,NSE,GOODLUCK
13175,NITINSPIN-EQ,NITINSPIN,NSE,NITINSPIN
625,ABREL-EQ,ABREL,NSE,ABREL
628,CESC-EQ,CESC,NSE,CESC
13409,GPIL-EQ,GPIL,NSE,GPIL
13414,RSYSTEMS-EQ,RSYSTEMS,NSE,RSYSTEMS
6297,HEALTHY-EQ,HEALTHY,NSE,HEALTHY
6385,CCHHL-EQ,CCHHL,NSE,CCHHL
13441,BALPHARMA-EQ,BALPHARMA,NSE,BALPHARMA
6545,NYKAA-EQ,NYKAA,NSE,NYKAA
13536,VIDHIING-EQ,VIDHIING,NSE,VIDHIING
1363,HINDALCO-EQ,HINDALCO,NSE,HINDALCO
6782,NIPPOBATRY-EQ,NIPPOBATRY,NSE,NIPPOBATRY
6858,DHRUV-EQ,DHRUV,NSE,DHRUV
13585,ATLANTAA-EQ,ATLANTAA,NSE,ATLANTAA
6908,VISHNU-EQ,VISHNU,NSE,VISHNU
7030,ASIANENE-EQ,ASIANENE,NSE,ASIANENE
13658,GEECEE-EQ,GEECEE,NSE,GEECEE
7053,ACCELYA-EQ,ACCELYA,NSE,ACCELYA
761364,BANK10ADD-EQ,BANK10ADD,NSE,BANK10ADD
13702,VISHWARAJ-EQ,VISHWARAJ,NSE,VISHWARAJ
1375,HCC-EQ,HCC,NSE,HCC
13750,FLUOROCHEM-EQ,FLUOROCHEM,NSE,FLUOROCHEM
13786,TORNTPOWER-EQ,TORNTPOWER,NSE,TORNTPOWER
7227,MAPMYINDIA-EQ,MAPMYINDIA,NSE,MAPMYINDIA
7254,MEDPLUS-EQ,MEDPLUS,NSE,MEDPLUS
7287,JTLIND-EQ,JTLIND,NSE,JTLIND
13796,MANALIPETC-EQ,MANALIPETC,NSE,MANALIPETC
761469,SHADOWFAX-EQ,SHADOWFAX,NSE,SHADOWFAX
7353,SETFNN50-EQ,SETFNN50,NSE,SETFNN50
7358,DATAPATTNS-EQ,DATAPATTNS,NSE,DATAPATTNS
13870,KUANTUM-EQ,KUANTUM,NSE,KUANTUM
13885,ARIHANT-EQ,ARIHANT,NSE,ARIHANT
13920,PLASTIBLEN-EQ,PLASTIBLEN,NSE,PLASTIBLEN
742,COSMOFIRST-EQ,COSMOFIRST,NSE,COSMOFIRST
7457,HAVISHA-EQ,HAVISHA,NSE,HAVISHA
13925,NFL-EQ,NFL,NSE,NFL
13950,LIQUID1-EQ,LIQUID1,NSE,LIQUID1
13982,JASH-EQ,JASH,NSE,JASH
14068,SAGCEM-EQ,SAGCEM,NSE,SAGCEM
14096,SIYSIL-EQ,SIYSIL,NSE,SIYSIL
14174,IZMO-EQ,IZMO,NSE,IZMO
1424,HINDZINC-EQ,HINDZINC,NSE,HINDZINC
7553,NRBBEARING-EQ,NRBBEARING,NSE,NRBBEARING
14255,REDINGTON-EQ,REDINGTON,NSE,REDINGTON
7560,UNITEDPOLY-EQ,UNITEDPOLY,NSE,UNITEDPOLY
756015,CIFL-EQ,CIFL,NSE,CIFL
144,GODREJAGRO-EQ,GODREJAGRO,NSE,GODREJAGRO
756827,GROWWSLVR-EQ,GROWWSLVR,NSE,GROWWSLVR
762163,CORDELIA-EQ,CORDELIA,NSE,CORDELIA
762227,RAMBHAJO-EQ,RAMBHAJO,NSE,RAMBHAJO
14747,011NSETEST-EQ,011NSETEST,NSE,011NSETEST
14753,031NSETEST-EQ,031NSETEST,NSE,031NSETEST
14781,141NSETEST-EQ,141NSETEST,NSE,141NSETEST
14782,151NSETEST-EQ,151NSETEST,NSE,151NSETEST
1482,IFBAGRO-EQ,IFBAGRO,NSE,IFBAGRO
14843,VIPCLOTHNG-EQ,VIPCLOTHNG,NSE,VIPCLOTHNG
14924,LAL-EQ,LAL,NSE,LAL
14938,GSEC10YEAR-EQ,GSEC10YEAR,NSE,GSEC10YEAR
15017,MAANALU-EQ,MAANALU,NSE,MAANALU
757455,SNXT30BEES-EQ,SNXT30BEES,NSE,SNXT30BEES
15061,PSUBANK-EQ,PSUBANK,NSE,PSUBANK
757767,SAMBHV-EQ,SAMBHV,NSE,SAMBHV
762528,ABMKNO-EQ,ABMKNO,NSE,ABMKNO
758002,SHANTIGOLD-EQ,SHANTIGOLD,NSE,SHANTIGOLD
15141,COLPAL-EQ,COLPAL,NSE,COLPAL
15308,SEPC-EQ,SEPC,NSE,SEPC
758572,GLOBECIVIL-EQ,GLOBECIVIL,NSE,GLOBECIVIL
154,APCOTEXIND-EQ,APCOTEXIND,NSE,APCOTEXIND
15332,NMDC-EQ,NMDC,NSE,NMDC
15380,MANKIND-EQ,MANKIND,NSE,MANKIND
15404,ATAM-EQ,ATAM,NSE,ATAM
758697,GROWWNIFTY-EQ,GROWWNIFTY,NSE,GROWWNIFTY
1576,GILLETTE-EQ,GILLETTE,NSE,GILLETTE
1614,FAIRCHEMOR-EQ,FAIRCHEMOR,NSE,FAIRCHEMOR
1621,TATAINVEST-EQ,TATAINVEST,NSE,TATAINVEST
759062,RHETAN-EQ,RHETAN,NSE,RHETAN
759152,VMSTMT-EQ,VMSTMT,NSE,VMSTMT
166,ANDHRAPAP-EQ,ANDHRAPAP,NSE,ANDHRAPAP
1660,ITC-EQ,ITC,NSE,ITC
759265,TATACAP-EQ,TATACAP,NSE,TATACAP
16736,MKPL-EQ,MKPL,NSE,MKPL
759311,CRAMC-EQ,CRAMC,NSE,CRAMC
16821,VINYLINDIA-EQ,VINYLINDIA,NSE,VINYLINDIA
16927,JOCIL-EQ,JOCIL,NSE,JOCIL
759411,OMFREIGHT-EQ,OMFREIGHT,NSE,OMFREIGHT
17062,PALREDTEC-EQ,PALREDTEC,NSE,PALREDTEC
759488,MOMENTUM30-EQ,MOMENTUM30,NSE,MOMENTUM30
17140,IDEAFORGE-EQ,IDEAFORGE,NSE,IDEAFORGE
17152,MIDCAPIETF-EQ,MIDCAPIETF,NSE,MIDCAPIETF
17279,BLS-EQ,BLS,NSE,BLS
17307,AJMERA-EQ,AJMERA,NSE,AJMERA
759728,EMMVEE-EQ,EMMVEE,NSE,EMMVEE
17400,NHPC-EQ,NHPC,NSE,NHPC
759814,SMALL250-EQ,SMALL250,NSE,SMALL250
759847,SHILCTECH-EQ,SHILCTECH,NSE,SHILCTECH
17475,NV20IETF-EQ,NV20IETF,NSE,NV20IETF
762578,BENGALASM-EQ,BENGALASM,NSE,BENGALASM
17685,GPTINFRA-EQ,GPTINFRA,NSE,GPTINFRA
17795,TREL-EQ,TREL,NSE,TREL
17903,ABBOTINDIA-EQ,ABBOTINDIA,NSE,ABBOTINDIA
17933,BEARDSELL-EQ,BEARDSELL,NSE,BEARDSELL
1802,JYOTISTRUC-EQ,JYOTISTRUC,NSE,JYOTISTRUC
762653,ELANTAS-EQ,ELANTAS,NSE,ELANTAS
18026,SBFC-EQ,SBFC,NSE,SBFC
760204,MARKOLINES-EQ,MARKOLINES,NSE,MARKOLINES
760224,VIDYAWIRES-EQ,VIDYAWIRES,NSE,VIDYAWIRES
18049,MINDTECK-EQ,MINDTECK,NSE,MINDTECK
18102,NIFTY1-EQ,NIFTY1,NSE,NIFTY1
18124,DBREALTY-EQ,DBREALTY,NSE,DBREALTY
760356,MIDCAPADD-EQ,MIDCAPADD,NSE,MIDCAPADD
18131,YASHO-EQ,YASHO,NSE,YASHO
18252,SPAL-EQ,SPAL,NSE,SPAL
18347,MIDCAPBETA-EQ,MIDCAPBETA,NSE,MIDCAPBETA
18371,NDGL-EQ,NDGL,NSE,NDGL
1838,KARURVYSYA-EQ,KARURVYSYA,NSE,KARURVYSYA
18423,RATNAVEER-EQ,RATNAVEER,NSE,RATNAVEER
18422,ASIANHOTNR-EQ,ASIANHOTNR,NSE,ASIANHOTNR
18562,MITTAL-EQ,MITTAL,NSE,MITTAL
18571,GNA-EQ,GNA,NSE,GNA
760726,BHARATCOAL-EQ,BHARATCOAL,NSE,BHARATCOAL
18644,DIAMINESQ-EQ,DIAMINESQ,NSE,DIAMINESQ
760865,OMNI-EQ,OMNI,NSE,OMNI
760896,DCMSIL-EQ,DCMSIL,NSE,DCMSIL
762670,EMPOWER-EQ,EMPOWER,NSE,EMPOWER
19073,AARVI-EQ,AARVI,NSE,AARVI
761056,BONLON-EQ,BONLON,NSE,BONLON
1919,KOPRAN-EQ,KOPRAN,NSE,KOPRAN
1922,KOTAKBANK-EQ,KOTAKBANK,NSE,KOTAKBANK
762680,FERMENTA-EQ,FERMENTA,NSE,FERMENTA
19234,LAURUSLABS-EQ,LAURUSLABS,NSE,LAURUSLABS
761270,ALGOQUANT-EQ,ALGOQUANT,NSE,ALGOQUANT
19277,EMAMIREAL-EQ,EMAMIREAL,NSE,EMAMIREAL
19292,TERASOFT-EQ,TERASOFT,NSE,TERASOFT
19401,BOROLTD-EQ,BOROLTD,NSE,BOROLTD
19410,ROSSARI-EQ,ROSSARI,NSE,ROSSARI
762782,MCCHRLS-B-EQ,MCCHRLS-B,NSE,MCCHRLS-B
1949,KSB-EQ,KSB,NSE,KSB
762792,MERCANTILE-EQ,MERCANTILE,NSE,MERCANTILE
19525,IITL-EQ,IITL,NSE,IITL
19585,BSE-EQ,BSE,NSE,BSE
761514,GROWWPSUBK-EQ,GROWWPSUBK,NSE,GROWWPSUBK
762864,RRIL-EQ,RRIL,NSE,RRIL
762924,SURYALA-EQ,SURYALA,NSE,SURYALA
19783,MUFIN-EQ,MUFIN,NSE,MUFIN
763663,MERCURYEV-EQ,MERCURYEV,NSE,MERCURYEV
761680,POWERICA-EQ,POWERICA,NSE,POWERICA
199,MASFIN-EQ,MASFIN,NSE,MASFIN
19933,EGOLD-EQ,EGOLD,NSE,EGOLD
761688,SAHLIBHFI-EQ,SAHLIBHFI,NSE,SAHLIBHFI
761693,MOBANK10-EQ,MOBANK10,NSE,MOBANK10
761814,TCC-EQ,TCC,NSE,TCC
2018,LUMAXIND-EQ,LUMAXIND,NSE,LUMAXIND
20182,ASHOKA-EQ,ASHOKA,NSE,ASHOKA
20203,URJA-EQ,URJA,NSE,URJA
762643,DISAQ-EQ,DISAQ,NSE,DISAQ
20296,SHAH-EQ,SHAH,NSE,SHAH
762563,BAJAJST-EQ,BAJAJST,NSE,BAJAJST
763784,AGL-EQ,AGL,NSE,AGL
762638,DECNGOLD-EQ,DECNGOLD,NSE,DECNGOLD
2031,M&M-EQ,M&M,NSE,M&M
20303,GANDHAR-EQ,GANDHAR,NSE,GANDHAR
20314,NRAIL-EQ,NRAIL,NSE,NRAIL
762663,ELITECON-EQ,ELITECON,NSE,ELITECON
764186,ALPINETEX-EQ,ALPINETEX,NSE,ALPINETEX
762802,MMWL-EQ,MMWL,NSE,MMWL
762834,PML-EQ,PML,NSE,PML
762874,SAPPL-EQ,SAPPL,NSE,SAPPL
762919,SONAL-EQ,SONAL,NSE,SONAL
762949,THAKDEV-EQ,THAKDEV,NSE,THAKDEV
20453,APCL-EQ,APCL,NSE,APCL
2073,VTL-EQ,VTL,NSE,VTL
20698,SCHAND-EQ,SCHAND,NSE,SCHAND
20778,JAMNAAUTO-EQ,JAMNAAUTO,NSE,JAMNAAUTO
20788,MOTISONS-EQ,MOTISONS,NSE,MOTISONS
20790,SUMEETINDS-EQ,SUMEETINDS,NSE,SUMEETINDS
20825,HUDCO-EQ,HUDCO,NSE,HUDCO
763753,CSM-EQ,CSM,NSE,CSM
2085,MAHSCOOTER-EQ,MAHSCOOTER,NSE,MAHSCOOTER
2088,MAHSEAMLES-EQ,MAHSEAMLES,NSE,MAHSEAMLES
764050,GYFTR-EQ,GYFTR,NSE,GYFTR
764121,RIR-EQ,RIR,NSE,RIR
1008,FACT-EQ,FACT,NSE,FACT
2106,MANGLMCEM-EQ,MANGLMCEM,NSE,MANGLMCEM
1041,FINPIPE-EQ,FINPIPE,NSE,FINPIPE
21131,TEJASNET-EQ,TEJASNET,NSE,TEJASNET
764301,INDOMIM-EQ,INDOMIM,NSE,INDOMIM
10457,ARVSMART-EQ,ARVSMART,NSE,ARVSMART
21252,NIFTYAXIS-EQ,NIFTYAXIS,NSE,NIFTYAXIS
21362,SALASAR-EQ,SALASAR,NSE,SALASAR
10485,RAMRAT-EQ,RAMRAT,NSE,RAMRAT
10515,SENSEXBETA-EQ,SENSEXBETA,NSE,SENSEXBETA
21392,MAGADSUGAR-EQ,MAGADSUGAR,NSE,MAGADSUGAR
1053,UFLEX-EQ,UFLEX,NSE,UFLEX
21478,NEXT50BETA-EQ,NEXT50BETA,NSE,NEXT50BETA
764583,AMAL-EQ,AMAL,NSE,AMAL
764588,AMARJOTHI-EQ,AMARJOTHI,NSE,AMARJOTHI
764598,ARCL-EQ,ARCL,NSE,ARCL
10768,OAL-EQ,OAL,NSE,OAL
764608,AUSTENG-EQ,AUSTENG,NSE,AUSTENG
764633,BRIGHTBR-EQ,BRIGHTBR,NSE,BRIGHTBR
10786,NOIDATOLL-EQ,NOIDATOLL,NSE,NOIDATOLL
21726,MATRIMONY-EQ,MATRIMONY,NSE,MATRIMONY
21808,SBILIFE-EQ,SBILIFE,NSE,SBILIFE
10925,GODREJIND-EQ,GODREJIND,NSE,GODREJIND
11162,HARSHA-EQ,HARSHA,NSE,HARSHA
11195,INDIGO-EQ,INDIGO,NSE,INDIGO
11236,JSL-EQ,JSL,NSE,JSL
11319,LICNETFN50-EQ,LICNETFN50,NSE,LICNETFN50
764713,IPRINGLTD-EQ,IPRINGLTD,NSE,IPRINGLTD
1145,GIPCL-EQ,GIPCL,NSE,GIPCL
11364,VAIBHAVGBL-EQ,VAIBHAVGBL,NSE,VAIBHAVGBL
11377,MAHABANK-EQ,MAHABANK,NSE,MAHABANK
764718,ISTLTD-EQ,ISTLTD,NSE,ISTLTD
764818,ORIRAIL-EQ,ORIRAIL,NSE,ORIRAIL
764828,PANCHMAHQ-EQ,PANCHMAHQ,NSE,PANCHMAHQ
1156,GLFL-EQ,GLFL,NSE,GLFL
11593,HDFCSENSEX-EQ,HDFCSENSEX,NSE,HDFCSENSEX
11596,LINCOLN-EQ,LINCOLN,NSE,LINCOLN
764850,RRECL-EQ,RRECL,NSE,RRECL
11626,WELENT-EQ,WELENT,NSE,WELENT
11634,SALSTEEL-EQ,SALSTEEL,NSE,SALSTEEL
22239,EBBETF0431-EQ,EBBETF0431,NSE,EBBETF0431
764930,SUNSHIEL-EQ,SUNSHIEL,NSE,SUNSHIEL
764960,TRITONV-EQ,TRITONV,NSE,TRITONV
765035,AZADIND-EQ,AZADIND,NSE,AZADIND
11699,PATELENG-EQ,PATELENG,NSE,PATELENG
11723,JSWSTEEL-EQ,JSWSTEEL,NSE,JSWSTEEL
764255,CMLL-EQ,CMLL,NSE,CMLL
2259,MOREPENLAB-EQ,MOREPENLAB,NSE,MOREPENLAB
11804,SUKHJITS-EQ,SUKHJITS,NSE,SUKHJITS
765327,IVZSENSEX-EQ,IVZSENSEX,NSE,IVZSENSEX
2263,BANDHANBNK-EQ,BANDHANBNK,NSE,BANDHANBNK
1181,GODFRYPHLP-EQ,GODFRYPHLP,NSE,GODFRYPHLP
11852,SURYALAXMI-EQ,SURYALAXMI,NSE,SURYALAXMI
22649,PARKHOTELS-EQ,PARKHOTELS,NSE,PARKHOTELS
11961,SEMAC-EQ,SEMAC,NSE,SEMAC
11975,RML-EQ,RML,NSE,RML
766044,LCCPROJECT-EQ,LCCPROJECT,NSE,LCCPROJECT
766072,ARCIL-EQ,ARCIL,NSE,ARCIL
764296,LCL-EQ,LCL,NSE,LCL
764405,MOOILGAS-EQ,MOOILGAS,NSE,MOOILGAS
766314,AONESTEELS-EQ,AONESTEELS,NSE,AONESTEELS
1250,CASTROLIND-EQ,CASTROLIND,NSE,CASTROLIND
772,DABUR-EQ,DABUR,NSE,DABUR
778,KEEPLEARN-EQ,KEEPLEARN,NSE,KEEPLEARN
2303,HAL-EQ,HAL,NSE,HAL
2307,MUNJALSHOW-EQ,MUNJALSHOW,NSE,MUNJALSHOW
7838,NETF-EQ,NETF,NSE,NETF
23127,SCILAL-EQ,SCILAL,NSE,SCILAL
79,ALEMBICLTD-EQ,ALEMBICLTD,NSE,ALEMBICLTD
7844,AUTOIETF-EQ,AUTOIETF,NSE,AUTOIETF
2316,HEIDELBERG-EQ,HEIDELBERG,NSE,HEIDELBERG
23184,MOREALTY-EQ,MOREALTY,NSE,MOREALTY
8003,SILVER-EQ,SILVER,NSE,SILVER
8050,MAHLIFE-EQ,MAHLIFE,NSE,MAHLIFE
8077,MIDCAP-EQ,MIDCAP,NSE,MIDCAP
764628,BRAHMINFRA-EQ,BRAHMINFRA,NSE,BRAHMINFRA
8311,BLUESTARCO-EQ,BLUESTARCO,NSE,BLUESTARCO
11403,POONAWALLA-EQ,POONAWALLA,NSE,POONAWALLA
12578,FINIETF-EQ,FINIETF,NSE,FINIETF
12603,PRECAM-EQ,PRECAM,NSE,PRECAM
30323,ESSENTIA-EQ,ESSENTIA,NSE,ESSENTIA
3045,SBIN-EQ,SBIN,NSE,SBIN
1153,GLAXO-EQ,GLAXO,NSE,GLAXO
1162,GTL-EQ,GTL,NSE,GTL
11549,TEXINFRA-EQ,TEXINFRA,NSE,TEXINFRA
764673,EMPIND-EQ,EMPIND,NSE,EMPIND
11667,DWARKESH-EQ,DWARKESH,NSE,DWARKESH
12847,KRISHANA-EQ,KRISHANA,NSE,KRISHANA
30469,MID150-EQ,MID150,NSE,MID150
11743,JINDALPHOT-EQ,JINDALPHOT,NSE,JINDALPHOT
13081,TRIVENI-EQ,TRIVENI,NSE,TRIVENI
31017,THOMASCOTT-EQ,THOMASCOTT,NSE,THOMASCOTT
11779,ACEINTEG-EQ,ACEINTEG,NSE,ACEINTEG
11809,IIFL-EQ,IIFL,NSE,IIFL
3126,SHREYANIND-EQ,SHREYANIND,NSE,SHREYANIND
764698,HINDADH-EQ,HINDADH,NSE,HINDADH
1186,GLAND-EQ,GLAND,NSE,GLAND
11813,SHOPERSTOP-EQ,SHOPERSTOP,NSE,SHOPERSTOP
11817,MANGALAM-EQ,MANGALAM,NSE,MANGALAM
11841,KENNAMET-EQ,KENNAMET,NSE,KENNAMET
31468,AURUS-EQ,AURUS,NSE,AURUS
13211,JAGRAN-EQ,JAGRAN,NSE,JAGRAN
13337,GALLANTT-EQ,GALLANTT,NSE,GALLANTT
3186,SKFINDIA-EQ,SKFINDIA,NSE,SKFINDIA
3321,SPMLINFRA-EQ,SPMLINFRA,NSE,SPMLINFRA
11880,JSWHL-EQ,JSWHL,NSE,JSWHL
3327,SUDARSCHEM-EQ,SUDARSCHEM,NSE,SUDARSCHEM
3432,TATACONSUM-EQ,TATACONSUM,NSE,TATACONSUM
3456,TMPV-EQ,TMPV,NSE,TMPV
764708,INDOKEM-EQ,INDOKEM,NSE,INDOKEM
12032,FIVESTAR-EQ,FIVESTAR,NSE,FIVESTAR
764728,JENBURPH-EQ,JENBURPH,NSE,JENBURPH
13611,IRCTC-EQ,IRCTC,NSE,IRCTC
3607,UNIVCABLES-EQ,UNIVCABLES,NSE,UNIVCABLES
1204,PRAXIS-EQ,PRAXIS,NSE,PRAXIS
13643,ELECON-EQ,ELECON,NSE,ELECON
3807,VINEETLAB-EQ,VINEETLAB,NSE,VINEETLAB
3827,ZUARIIND-EQ,ZUARIIND,NSE,ZUARIIND
13735,GLOBALVECT-EQ,GLOBALVECT,NSE,GLOBALVECT
13756,SHIVAMAUTO-EQ,SHIVAMAUTO,NSE,SHIVAMAUTO
13794,BAIDFIN-EQ,BAIDFIN,NSE,BAIDFIN
13821,RUCHIRA-EQ,RUCHIRA,NSE,RUCHIRA
383,BEL-EQ,BEL,NSE,BEL
399,NIACL-EQ,NIACL,NSE,NIACL
3918,NATCOPHARM-EQ,NATCOPHARM,NSE,NATCOPHARM
4,21STCENMGM-EQ,21STCENMGM,NSE,21STCENMGM
404,BERGEPAINT-EQ,BERGEPAINT,NSE,BERGEPAINT
4116,HBSL-EQ,HBSL,NSE,HBSL
13844,MMFL-EQ,MMFL,NSE,MMFL
436,IFGLEXPOR-EQ,IFGLEXPOR,NSE,IFGLEXPOR
1270,AMBUJACEM-EQ,AMBUJACEM,NSE,AMBUJACEM
4204,MOTHERSON-EQ,MOTHERSON,NSE,MOTHERSON
4422,INDIANCARD-EQ,INDIANCARD,NSE,INDIANCARD
4503,MPHASIS-EQ,MPHASIS,NSE,MPHASIS
13976,TANLA-EQ,TANLA,NSE,TANLA
764738,KAMANWALA-EQ,KAMANWALA,NSE,KAMANWALA
4587,RAMCOIND-EQ,RAMCOIND,NSE,RAMCOIND
13101,VIMTALABS-EQ,VIMTALABS,NSE,VIMTALABS
14043,SARLAPOLY-EQ,SARLAPOLY,NSE,SARLAPOLY
14058,SANGHVIMOV-EQ,SANGHVIMOV,NSE,SANGHVIMOV
4847,KIMS-EQ,KIMS,NSE,KIMS
13126,REPRO-EQ,REPRO,NSE,REPRO
14063,WANBURY-EQ,WANBURY,NSE,WANBURY
4907,ENGINERSIN-EQ,ENGINERSIN,NSE,ENGINERSIN
13251,SAKUMA-EQ,SAKUMA,NSE,SAKUMA
13310,KEI-EQ,KEI,NSE,KEI
1333,HDFCBANK-EQ,HDFCBANK,NSE,HDFCBANK
764880,SEKURITIND-EQ,SEKURITIND,NSE,SEKURITIND
14203,HUBTOWN-EQ,HUBTOWN,NSE,HUBTOWN
5097,ETERNAL-EQ,ETERNAL,NSE,ETERNAL
13457,KAMDHENU-EQ,KAMDHENU,NSE,KAMDHENU
14304,FSL-EQ,FSL,NSE,FSL
14314,TTL-EQ,TTL,NSE,TTL
5204,GMDCLTD-EQ,GMDCLTD,NSE,GMDCLTD
13491,JKLAKSHMI-EQ,JKLAKSHMI,NSE,JKLAKSHMI
14361,APOLLOPIPE-EQ,APOLLOPIPE,NSE,APOLLOPIPE
764940,SVGLOBAL-EQ,SVGLOBAL,NSE,SVGLOBAL
5220,BFSI-EQ,BFSI,NSE,BFSI
13693,INFOMEDIA-EQ,INFOMEDIA,NSE,INFOMEDIA
14511,BANSWRAS-EQ,BANSWRAS,NSE,BANSWRAS
5279,ROLEXRINGS-EQ,ROLEXRINGS,NSE,ROLEXRINGS
13776,GESHIP-EQ,GESHIP,NSE,GESHIP
14535,GOLDBETA-EQ,GOLDBETA,NSE,GOLDBETA
5378,ASAHIINDIA-EQ,ASAHIINDIA,NSE,ASAHIINDIA
5385,AAVAS-EQ,AAVAS,NSE,AAVAS
5394,MOL-EQ,MOL,NSE,MOL
13826,SOBHA-EQ,SOBHA,NSE,SOBHA
13880,BANCOINDIA-EQ,BANCOINDIA,NSE,BANCOINDIA
5435,APTUS-EQ,APTUS,NSE,APTUS
14584,PSUBNKIETF-EQ,PSUBNKIETF,NSE,PSUBNKIETF
14618,CHEMBOND-EQ,CHEMBOND,NSE,CHEMBOND
14064,ASMS-EQ,ASMS,NSE,ASMS
5606,INTLCONV-EQ,INTLCONV,NSE,INTLCONV
5622,CEMPRO-EQ,CEMPRO,NSE,CEMPRO
14086,IGPL-EQ,IGPL,NSE,IGPL
14707,TIMETECHNO-EQ,TIMETECHNO,NSE,TIMETECHNO
14767,081NSETEST-EQ,081NSETEST,NSE,081NSETEST
14101,PTL-EQ,PTL,NSE,PTL
14894,CENTRALBK-EQ,CENTRALBK,NSE,CENTRALBK
1494,RBA-EQ,RBA,NSE,RBA
14198,TIMKEN-EQ,TIMKEN,NSE,TIMKEN
14900,SAHYADRI-EQ,SAHYADRI,NSE,SAHYADRI
14334,HSCL-EQ,HSCL,NSE,HSCL
764945,TANAA-EQ,TANAA,NSE,TANAA
619,CENTENKA-EQ,CENTENKA,NSE,CENTENKA
764975,VADILENT-EQ,VADILENT,NSE,VADILENT
14947,MOTILALOFS-EQ,MOTILALOFS,NSE,MOTILALOFS
1448,HLVLTD-EQ,HLVLTD,NSE,HLVLTD
14479,DIVGIITTS-EQ,DIVGIITTS,NSE,DIVGIITTS
6198,FCL-EQ,FCL,NSE,FCL
765130,MOHITE-EQ,MOHITE,NSE,MOHITE
1497,SHIVAMILLS-EQ,SHIVAMILLS,NSE,SHIVAMILLS
15049,ENERGYDEV-EQ,ENERGYDEV,NSE,ENERGYDEV
14501,BALAMINES-EQ,BALAMINES,NSE,BALAMINES
9158,BALAJITELE-EQ,BALAJITELE,NSE,BALAJITELE
6462,TECH-EQ,TECH,NSE,TECH
14599,GSLSU-EQ,GSLSU,NSE,GSLSU
6596,SONATSOFTW-EQ,SONATSOFTW,NSE,SONATSOFTW
6656,POLICYBZR-EQ,POLICYBZR,NSE,POLICYBZR
1512,INDHOTEL-EQ,INDHOTEL,NSE,INDHOTEL
15119,EDELWEISS-EQ,EDELWEISS,NSE,EDELWEISS
15129,RGL-EQ,RGL,NSE,RGL
676,EXIDEIND-EQ,EXIDEIND,NSE,EXIDEIND
15151,MADHAV-EQ,MADHAV,NSE,MADHAV
11351,PETRONET-EQ,PETRONET,NSE,PETRONET
1467,JSWDULUX-EQ,JSWDULUX,NSE,JSWDULUX
6818,LATENTVIEW-EQ,LATENTVIEW,NSE,LATENTVIEW
7016,SHIVALIK-EQ,SHIVALIK,NSE,SHIVALIK
1530,INDIANHUME-EQ,INDIANHUME,NSE,INDIANHUME
14769,091NSETEST-EQ,091NSETEST,NSE,091NSETEST
14772,101NSETEST-EQ,101NSETEST,NSE,101NSETEST
15254,CEATLTD-EQ,CEATLTD,NSE,CEATLTD
15295,VIRINCHI-EQ,VIRINCHI,NSE,VIRINCHI
7109,JMA-EQ,JMA,NSE,JMA
14828,WSI-EQ,WSI,NSE,WSI
722,SBIETFPB-EQ,SBIETFPB,NSE,SBIETFPB
7200,SHRIRAMPPS-EQ,SHRIRAMPPS,NSE,SHRIRAMPPS
15303,BANG-EQ,BANG,NSE,BANG
15420,ACL-EQ,ACL,NSE,ACL
1485,IFBIND-EQ,IFBIND,NSE,IFBIND
14853,OMAXE-EQ,OMAXE,NSE,OMAXE
11407,XPROINDIA-EQ,XPROINDIA,NSE,XPROINDIA
7325,DCMSRIND-EQ,DCMSRIND,NSE,DCMSRIND
7361,SETFNIFBK-EQ,SETFNIFBK,NSE,SETFNIFBK
14937,CIEINDIA-EQ,CIEINDIA,NSE,CIEINDIA
14957,MAGNUM-EQ,MAGNUM,NSE,MAGNUM
1627,LINDEINDIA-EQ,LINDEINDIA,NSE,LINDEINDIA
7413,MANAKCOAT-EQ,MANAKCOAT,NSE,MANAKCOAT
7451,NIFTYADD-EQ,NIFTYADD,NSE,NIFTYADD
14992,CCCL-EQ,CCCL,NSE,CCCL
16123,BHARATWIRE-EQ,BHARATWIRE,NSE,BHARATWIRE
1663,SUNDROP-EQ,SUNDROP,NSE,SUNDROP
15121,SVLL-EQ,SVLL,NSE,SVLL
11491,APARINDS-EQ,APARINDS,NSE,APARINDS
15180,KIRLPNU-EQ,KIRLPNU,NSE,KIRLPNU
15184,BRIGADE-EQ,BRIGADE,NSE,BRIGADE
1164,NEWGEN-EQ,NEWGEN,NSE,NEWGEN
11580,WESTLIFE-EQ,WESTLIFE,NSE,WESTLIFE
16725,RPGLIFE-EQ,RPGLIFE,NSE,RPGLIFE
16807,LOTUSEYE-EQ,LOTUSEYE,NSE,LOTUSEYE
16827,KOKUYOCMLN-EQ,KOKUYOCMLN,NSE,KOKUYOCMLN
11763,JPPOWER-EQ,JPPOWER,NSE,JPPOWER
11778,GOKEX-EQ,GOKEX,NSE,GOKEX
15589,AVG-EQ,AVG,NSE,AVG
15649,ATALREAL-EQ,ATALREAL,NSE,ATALREAL
1570,GMMPFAUDLR-EQ,GMMPFAUDLR,NSE,GMMPFAUDLR
17094,CROMPTON-EQ,CROMPTON,NSE,CROMPTON
17130,PARAGMILK-EQ,PARAGMILK,NSE,PARAGMILK
17207,ITADD-EQ,ITADD,NSE,ITADD
756843,ABLBL-EQ,ABLBL,NSE,ABLBL
17263,ARMANFIN-EQ,ARMANFIN,NSE,ARMANFIN
17351,SALONA-EQ,SALONA,NSE,SALONA
163,APOLLOTYRE-EQ,APOLLOTYRE,NSE,APOLLOTYRE
757,CRISIL-EQ,CRISIL,NSE,CRISIL
17376,LANDSMILL-EQ,LANDSMILL,NSE,LANDSMILL
17438,OIL-EQ,OIL,NSE,OIL
757014,THELEELA-EQ,THELEELA,NSE,THELEELA
757049,RAJOOENG-EQ,RAJOOENG,NSE,RAJOOENG
16713,UBL-EQ,UBL,NSE,UBL
17507,INCREDIBLE-EQ,INCREDIBLE,NSE,INCREDIBLE
11798,ALLDIGI-EQ,ALLDIGI,NSE,ALLDIGI
757167,MONEXT50-EQ,MONEXT50,NSE,MONEXT50
1675,ITI-EQ,ITI,NSE,ITI
16777,SILVERAG-EQ,SILVERAG,NSE,SILVERAG
16795,ARCHIDPLY-EQ,ARCHIDPLY,NSE,ARCHIDPLY
17572,LIQUID-EQ,LIQUID,NSE,LIQUID
16875,SICAGEN-EQ,SICAGEN,NSE,SICAGEN
17675,ALOKINDS-EQ,ALOKINDS,NSE,ALOKINDS
17752,SHILPAMED-EQ,SHILPAMED,NSE,SHILPAMED
17770,GROBTEA-EQ,GROBTEA,NSE,GROBTEA
17032,THYROCARE-EQ,THYROCARE,NSE,THYROCARE
17922,GEEKAYWIRE-EQ,GEEKAYWIRE,NSE,GEEKAYWIRE
17927,BAYERCROP-EQ,BAYERCROP,NSE,BAYERCROP
757520,BLUSPRING-EQ,BLUSPRING,NSE,BLUSPRING
17945,COHANCE-EQ,COHANCE,NSE,COHANCE
757754,PICCADIL-EQ,PICCADIL,NSE,PICCADIL
17271,SENCO-EQ,SENCO,NSE,SENCO
17333,MHRIL-EQ,MHRIL,NSE,MHRIL
757953,EUROBOND-EQ,EUROBOND,NSE,EUROBOND
17364,VINATIORGA-EQ,VINATIORGA,NSE,VINATIORGA
17477,CONTROLPR-EQ,CONTROLPR,NSE,CONTROLPR
17598,ASALCBR-EQ,ASALCBR,NSE,ASALCBR
17616,PSUBANKADD-EQ,PSUBANKADD,NSE,PSUBANKADD
18268,AEROFLEX-EQ,AEROFLEX,NSE,AEROFLEX
17747,NIITMTS-EQ,NIITMTS,NSE,NIITMTS
17778,ATL-EQ,ATL,NSE,ATL
17987,TRF-EQ,TRF,NSE,TRF
17999,UNITEDTEA-EQ,UNITEDTEA,NSE,UNITEDTEA
1841,KCP-EQ,KCP,NSE,KCP
18457,POWERINDIA-EQ,POWERINDIA,NSE,POWERINDIA
18096,JUBLFOOD-EQ,JUBLFOOD,NSE,JUBLFOOD
11868,63MOONS-EQ,63MOONS,NSE,63MOONS
18520,CUPID-EQ,CUPID,NSE,CUPID
11896,GEOJITFSL-EQ,GEOJITFSL,NSE,GEOJITFSL
759041,IVALUE-EQ,IVALUE,NSE,IVALUE
11905,GENUSPOWER-EQ,GENUSPOWER,NSE,GENUSPOWER
18944,KINGFA-EQ,KINGFA,NSE,KINGFA
18967,KAPSTON-EQ,KAPSTON,NSE,KAPSTON
19015,MVGJL-EQ,MVGJL,NSE,MVGJL
759210,TRUALT-EQ,TRUALT,NSE,TRUALT
18341,VPRPL-EQ,VPRPL,NSE,VPRPL
18365,PERSISTENT-EQ,PERSISTENT,NSE,PERSISTENT
11935,SPLIL-EQ,SPLIL,NSE,SPLIL
19279,THEJO-EQ,THEJO,NSE,THEJO
896,KHAICHEM-EQ,KHAICHEM,NSE,KHAICHEM
759461,GEMAROMA-EQ,GEMAROMA,NSE,GEMAROMA
18614,SAMHI-EQ,SAMHI,NSE,SAMHI
759747,SHIVAUM-EQ,SHIVAUM,NSE,SHIVAUM
18721,NUVAMA-EQ,NUVAMA,NSE,NUVAMA
18755,KALAMANDIR-EQ,KALAMANDIR,NSE,KALAMANDIR
18827,TARAPUR-EQ,TARAPUR,NSE,TARAPUR
19531,BAJAJCON-EQ,BAJAJCON,NSE,BAJAJCON
1964,TRENT-EQ,TRENT,NSE,TRENT
9384,CREATIVEYE-EQ,CREATIVEYE,NSE,CREATIVEYE
9422,SILVERTUC-EQ,SILVERTUC,NSE,SILVERTUC
19679,GOLDIETF-EQ,GOLDIETF,NSE,GOLDIETF
19705,LIQUIDSBI-EQ,LIQUIDSBI,NSE,LIQUIDSBI
759880,TENNIND-EQ,TENNIND,NSE,TENNIND
760007,EXCELSOFT-EQ,EXCELSOFT,NSE,EXCELSOFT
19299,ITDC-EQ,ITDC,NSE,ITDC
760051,GROWWCAPM-EQ,GROWWCAPM,NSE,GROWWCAPM
20063,HEALTHX-EQ,HEALTHX,NSE,HEALTHX
10159,ORICONENT-EQ,ORICONENT,NSE,ORICONENT
19599,PRAKASHSTL-EQ,PRAKASHSTL,NSE,PRAKASHSTL
20072,INFRABEES-EQ,INFRABEES,NSE,INFRABEES
760125,FABTECH-EQ,FABTECH,NSE,FABTECH
19686,BLUEJET-EQ,BLUEJET,NSE,BLUEJET
19691,JITFINFRA-EQ,JITFINFRA,NSE,JITFINFRA
760178,GAUDIUMIVF-EQ,GAUDIUMIVF,NSE,GAUDIUMIVF
760242,PNGSREVA-EQ,PNGSREVA,NSE,PNGSREVA
760259,WAKEFIT-EQ,WAKEFIT,NSE,WAKEFIT
19761,ADFFOODS-EQ,ADFFOODS,NSE,ADFFOODS
8687,MUKTAARTS-EQ,MUKTAARTS,NSE,MUKTAARTS
760392,RUDRA-EQ,RUDRA,NSE,RUDRA
20534,GRAVITA-EQ,GRAVITA,NSE,GRAVITA
20086,CPCAP-EQ,CPCAP,NSE,CPCAP
20560,DOLLAR-EQ,DOLLAR,NSE,DOLLAR
20159,ARIHANTSUP-EQ,ARIHANTSUP,NSE,ARIHANTSUP
20257,ESILVER-EQ,ESILVER,NSE,ESILVER
20321,SHANKARA-EQ,SHANKARA,NSE,SHANKARA
20329,CGCL-EQ,CGCL,NSE,CGCL
21062,INNOVACAP-EQ,INNOVACAP,NSE,INNOVACAP
2107,STOVEKRAFT-EQ,STOVEKRAFT,NSE,STOVEKRAFT
20413,IOLCP-EQ,IOLCP,NSE,IOLCP
21113,BFINVEST-EQ,BFINVEST,NSE,BFINVEST
2043,RAMCOCEM-EQ,RAMCOCEM,NSE,RAMCOCEM
21195,GTPL-EQ,GTPL,NSE,GTPL
21314,DYNPRO-EQ,DYNPRO,NSE,DYNPRO
760874,GROWWHOSPI-EQ,GROWWHOSPI,NSE,GROWWHOSPI
2056,HOMEFIRST-EQ,HOMEFIRST,NSE,HOMEFIRST
2142,MFSL-EQ,MFSL,NSE,MFSL
20556,INDIASHLTR-EQ,INDIASHLTR,NSE,INDIASHLTR
21399,GANGESSECU-EQ,GANGESSECU,NSE,GANGESSECU
21401,TATAGOLD-EQ,TATAGOLD,NSE,TATAGOLD
21484,STEL-EQ,STEL,NSE,STEL
761330,AEPL-EQ,AEPL,NSE,AEPL
761335,KOTYARK-EQ,KOTYARK,NSE,KOTYARK
761506,HSBCGOLD-EQ,HSBCGOLD,NSE,HSBCGOLD
761581,CMPDI-EQ,CMPDI,NSE,CMPDI
20852,ZEELEARN-EQ,ZEELEARN,NSE,ZEELEARN
762573,BEEKAY-EQ,BEEKAY,NSE,BEEKAY
11297,SIL-EQ,SIL,NSE,SIL
762658,ELCIDIN-EQ,ELCIDIN,NSE,ELCIDIN
762690,GNRL-EQ,GNRL,NSE,GNRL
22255,NDRAUTO-EQ,NDRAUTO,NSE,NDRAUTO
7627,SHREERAMA-EQ,SHREERAMA,NSE,SHREERAMA
762717,INDPRUD-EQ,INDPRUD,NSE,INDPRUD
762747,KLBRENG-B-EQ,KLBRENG-B,NSE,KLBRENG-B
762767,MADHAVIPL-EQ,MADHAVIPL,NSE,MADHAVIPL
2229,MODIRUBBER-EQ,MODIRUBBER,NSE,MODIRUBBER
11262,IGL-EQ,IGL,NSE,IGL
762939,TECHNVISN-EQ,TECHNVISN,NSE,TECHNVISN
11966,BIKAJI-EQ,BIKAJI,NSE,BIKAJI
762978,WPIL-EQ,WPIL,NSE,WPIL
2124,MASTEK-EQ,MASTEK,NSE,MASTEK
21383,PALASHSECU-EQ,PALASHSECU,NSE,PALASHSECU
22675,CAPITALSFB-EQ,CAPITALSFB,NSE,CAPITALSFB
21428,TATSILV-EQ,TATSILV,NSE,TATSILV
22717,ENTERO-EQ,ENTERO,NSE,ENTERO
2283,MRPL-EQ,MRPL,NSE,MRPL
22832,SMALLCAP-EQ,SMALLCAP,NSE,SMALLCAP
763543,SBISMLETF-EQ,SBISMLETF,NSE,SBISMLETF
21690,DIXON-EQ,DIXON,NSE,DIXON
23066,GOPAL-EQ,GOPAL,NSE,GOPAL
23056,JGCHEM-EQ,JGCHEM,NSE,JGCHEM
21959,NIFTYBETF-EQ,NIFTYBETF,NSE,NIFTYBETF
23181,MOSMALL250-EQ,MOSMALL250,NSE,MOSMALL250
2202,ONIDA-EQ,ONIDA,NSE,ONIDA
764378,EBANK10-EQ,EBANK10,NSE,EBANK10
764408,JNPR-EQ,JNPR,NSE,JNPR
764523,LEAPIND-EQ,LEAPIND,NSE,LEAPIND
764548,MOLBIO-EQ,MOLBIO,NSE,MOLBIO
764558,ACGL-EQ,ACGL,NSE,ACGL
764563,ADDIND-EQ,ADDIND,NSE,ADDIND
764603,ARYAMAN-EQ,ARYAMAN,NSE,ARYAMAN
764783,MSL-EQ,MSL,NSE,MSL
764798,NTCIND-EQ,NTCIND,NSE,NTCIND
22347,MACPOWER-EQ,MACPOWER,NSE,MACPOWER
764813,OPTIFIN-EQ,OPTIFIN,NSE,OPTIFIN
764845,POEL-EQ,POEL,NSE,POEL
764890,SHERVANI-EQ,SHERVANI,NSE,SHERVANI
764915,SIMPLXREA-EQ,SIMPLXREA,NSE,SIMPLXREA
22566,BLSE-EQ,BLSE,NSE,BLSE
764990,VIRAT-EQ,VIRAT,NSE,VIRAT
765100,LKPSEC-EQ,LKPSEC,NSE,LKPSEC
765140,PANORAMA-EQ,PANORAMA,NSE,PANORAMA
22663,JSFB-EQ,JSFB,NSE,JSFB
8866,CHOICEIN-EQ,CHOICEIN,NSE,CHOICEIN
8890,VERANDA-EQ,VERANDA,NSE,VERANDA
22930,PLATIND-EQ,PLATIND,NSE,PLATIND
23043,RKSWAMY-EQ,RKSWAMY,NSE,RKSWAMY
8968,HARIOMPIPE-EQ,HARIOMPIPE,NSE,HARIOMPIPE
9014,ANUP-EQ,ANUP,NSE,ANUP
9116,INDOAMIN-EQ,INDOAMIN,NSE,INDOAMIN
2306,BESTAGRO-EQ,BESTAGRO,NSE,BESTAGRO
926,ORCHPHARMA-EQ,ORCHPHARMA,NSE,ORCHPHARMA
928,ELECTCAST-EQ,ELECTCAST,NSE,ELECTCAST
9348,IOB-EQ,IOB,NSE,IOB
9362,CAMPUS-EQ,CAMPUS,NSE,CAMPUS
9480,LICI-EQ,LICI,NSE,LICI
9581,METROPOLIS-EQ,METROPOLIS,NSE,METROPOLIS
9641,KHANDSE-EQ,KHANDSE,NSE,KHANDSE
23407,LIQUIDADD-EQ,LIQUIDADD,NSE,LIQUIDADD
23480,SINCLAIR-EQ,SINCLAIR,NSE,SINCLAIR
23489,BHARTIHEXA-EQ,BHARTIHEXA,NSE,BHARTIHEXA
9902,AXITA-EQ,AXITA,NSE,AXITA
23650,MUTHOOTFIN-EQ,MUTHOOTFIN,NSE,MUTHOOTFIN
23729,AADHARHFC-EQ,AADHARHFC,NSE,AADHARHFC
23855,MIDSMALL-EQ,MIDSMALL,NSE,MIDSMALL
2397,SANDHAR-EQ,SANDHAR,NSE,SANDHAR
24014,BOROSCI-EQ,BOROSCI,NSE,BOROSCI
24117,BBNPNBETF-EQ,BBNPNBETF,NSE,BBNPNBETF
2421,NILKAMAL-EQ,NILKAMAL,NSE,NILKAMAL
24231,OMINFRAL-EQ,OMINFRAL,NSE,OMINFRAL
24386,BANSALWIRE-EQ,BANSALWIRE,NSE,BANSALWIRE
24596,RELTD-EQ,RELTD,NSE,RELTD
24823,MANCREDIT-EQ,MANCREDIT,NSE,MANCREDIT
24847,GSEC10ABSL-EQ,GSEC10ABSL,NSE,GSEC10ABSL
24932,GLOBALE-EQ,GLOBALE,NSE,GLOBALE
25136,BROOKS-EQ,BROOKS,NSE,BROOKS
25157,RVTH-EQ,RVTH,NSE,RVTH
25178,TDPOWERSYS-EQ,TDPOWERSYS,NSE,TDPOWERSYS
25270,BAJAJHFL-EQ,BAJAJHFL,NSE,BAJAJHFL
25447,GROWWLIQID-EQ,GROWWLIQID,NSE,GROWWLIQID
25584,TRITURBINE-EQ,TRITURBINE,NSE,TRITURBINE
25725,BANKPSU-EQ,BANKPSU,NSE,BANKPSU
25907,WAAREEENER-EQ,WAAREEENER,NSE,WAAREEENER
25977,AFCONS-EQ,AFCONS,NSE,AFCONS
2643,PFIZER-EQ,PFIZER,NSE,PFIZER
2708,PRAKASH-EQ,PRAKASH,NSE,PRAKASH
27079,KPEL-EQ,KPEL,NSE,KPEL
27303,SAMPANN-EQ,SAMPANN,NSE,SAMPANN
277,GICRE-EQ,GICRE,NSE,GICRE
278,AUTOAXLES-EQ,AUTOAXLES,NSE,AUTOAXLES
2866,RCF-EQ,RCF,NSE,RCF
28714,TRANSRAILL-EQ,TRANSRAILL,NSE,TRANSRAILL
28888,SENORES-EQ,SENORES,NSE,SENORES
29256,DENTA-EQ,DENTA,NSE,DENTA
2939,RUBYMILLS-EQ,RUBYMILLS,NSE,RUBYMILLS
29472,PROTEAN-EQ,PROTEAN,NSE,PROTEAN
29482,MCLOUD-EQ,MCLOUD,NSE,MCLOUD
29553,NIFTYIETF-EQ,NIFTYIETF,NSE,NIFTYIETF
2963,SAIL-EQ,SAIL,NSE,SAIL
2969,SAKHTISUG-EQ,SAKHTISUG,NSE,SAKHTISUG
2970,SURYODAY-EQ,SURYODAY,NSE,SURYODAY
29872,GROWWN200-EQ,GROWWN200,NSE,GROWWN200
29944,NIFTY100EW-EQ,NIFTY100EW,NSE,NIFTY100EW
30109,SELECTIPO-EQ,SELECTIPO,NSE,SELECTIPO
30139,CASHIETF-EQ,CASHIETF,NSE,CASHIETF
3024,JINDALSAW-EQ,JINDALSAW,NSE,JINDALSAW
305,BAJAJHLDNG-EQ,BAJAJHLDNG,NSE,BAJAJHLDNG
3048,SCI-EQ,SCI,NSE,SCI
31163,RHIM-EQ,RHIM,NSE,RHIM
31234,SCHNEIDER-EQ,SCHNEIDER,NSE,SCHNEIDER
3150,SIEMENS-EQ,SIEMENS,NSE,SIEMENS
31507,JPOLYINVST-EQ,JPOLYINVST,NSE,JPOLYINVST
3247,NITIRAJ-EQ,NITIRAJ,NSE,NITIRAJ
3273,SRF-EQ,SRF,NSE,SRF
3345,SUNDRMFAST-EQ,SUNDRMFAST,NSE,SUNDRMFAST
342,CAMS-EQ,CAMS,NSE,CAMS
3348,SUNFLAG-EQ,SUNFLAG,NSE,SUNFLAG
3507,MAFANG-EQ,MAFANG,NSE,MAFANG
3509,TNPETRO-EQ,TNPETRO,NSE,TNPETRO
3546,TTKPRESTIG-EQ,TTKPRESTIG,NSE,TTKPRESTIG
3563,ADANIGREEN-EQ,ADANIGREEN,NSE,ADANIGREEN
359,ROML-EQ,ROML,NSE,ROML
3608,HEALTHAXIS-EQ,HEALTHAXIS,NSE,HEALTHAXIS
3724,VSTIND-EQ,VSTIND,NSE,VSTIND
3766,WHEELS-EQ,WHEELS,NSE,WHEELS
395,BEML-EQ,BEML,NSE,BEML
3908,PREMIERPOL-EQ,PREMIERPOL,NSE,PREMIERPOL
3912,KHAITANLTD-EQ,KHAITANLTD,NSE,KHAITANLTD
4040,EIMCOELECO-EQ,EIMCOELECO,NSE,EIMCOELECO
4410,JAGSNPHARM-EQ,JAGSNPHARM,NSE,JAGSNPHARM
477,BIRLACABLE-EQ,BIRLACABLE,NSE,BIRLACABLE
48,HAPPSTMNDS-EQ,HAPPSTMNDS,NSE,HAPPSTMNDS
495,BLUEDART-EQ,BLUEDART,NSE,BLUEDART
4870,INDSWFTLAB-EQ,INDSWFTLAB,NSE,INDSWFTLAB
4892,SAREGAMA-EQ,SAREGAMA,NSE,SAREGAMA
5168,SBIETFCON-EQ,SBIETFCON,NSE,SBIETFCON
5186,STYLAMIND-EQ,STYLAMIND,NSE,STYLAMIND
5192,KOVAI-EQ,KOVAI,NSE,KOVAI
526,BPCL-EQ,BPCL,NSE,BPCL
527,UTIAMC-EQ,UTIAMC,NSE,UTIAMC
5366,WINDLAS-EQ,WINDLAS,NSE,WINDLAS
5585,VIJAYA-EQ,VIJAYA,NSE,VIJAYA
5610,ASTRAZEN-EQ,ASTRAZEN,NSE,ASTRAZEN
5732,CONSUMAXIS-EQ,CONSUMAXIS,NSE,CONSUMAXIS
583,CANFINHOME-EQ,CANFINHOME,NSE,CANFINHOME
592,GRAPHITE-EQ,GRAPHITE,NSE,GRAPHITE
6006,COASTCORP-EQ,COASTCORP,NSE,COASTCORP
6051,CYBERTECH-EQ,CYBERTECH,NSE,CYBERTECH
6066,ATGL-EQ,ATGL,NSE,ATGL
6156,ARTNIRMAN-EQ,ARTNIRMAN,NSE,ARTNIRMAN
6216,CAMLINFINE-EQ,CAMLINFINE,NSE,CAMLINFINE
6429,RSSOFTWARE-EQ,RSSOFTWARE,NSE,RSSOFTWARE
6705,PAYTM-EQ,PAYTM,NSE,PAYTM
6836,FOCUS-EQ,FOCUS,NSE,FOCUS
6863,BAJAJHCARE-EQ,BAJAJHCARE,NSE,BAJAJHCARE
6964,GOCOLORS-EQ,GOCOLORS,NSE,GOCOLORS
7456,MIDQ50ADD-EQ,MIDQ50ADD,NSE,MIDQ50ADD
7518,TREJHARA-EQ,TREJHARA,NSE,TREJHARA
750368,VOGL-EQ,VOGL,NSE,VOGL
754612,SMALLIETF-EQ,SMALLIETF,NSE,SMALLIETF
756038,WAAREERTL-EQ,WAAREERTL,NSE,WAAREERTL
756900,MON50EQUAL-EQ,MON50EQUAL,NSE,MON50EQUAL
757431,MOPSE-EQ,MOPSE,NSE,MOPSE
757725,LIQGRWBEES-EQ,LIQGRWBEES,NSE,LIQGRWBEES
757772,HDBFS-EQ,HDBFS,NSE,HDBFS
757814,GROWWNET-EQ,GROWWNET,NSE,GROWWNET
757845,INDIQUBE-EQ,INDIQUBE,NSE,INDIQUBE
757885,ANTHEM-EQ,ANTHEM,NSE,ANTHEM
758958,STLNETWORK-EQ,STLNETWORK,NSE,STLNETWORK
759723,PWL-EQ,PWL,NSE,PWL
759806,GROWW-EQ,GROWW,NSE,GROWW
759998,ENIFTY-EQ,ENIFTY,NSE,ENIFTY
760328,SILVERBND-EQ,SILVERBND,NSE,SILVERBND
760346,NEPHROPLUS-EQ,NEPHROPLUS,NSE,NEPHROPLUS
760673,GROWWCHEM-EQ,GROWWCHEM,NSE,GROWWCHEM
765145,PBMPOLY-EQ,PBMPOLY,NSE,PBMPOLY
765180,SUNLOC-EQ,SUNLOC,NSE,SUNLOC
765195,TOYAMSL-EQ,TOYAMSL,NSE,TOYAMSL
765200,TRANSCOR-EQ,TRANSCOR,NSE,TRANSCOR
765282,SHIPROCKET-EQ,SHIPROCKET,NSE,SHIPROCKET
765356,HORIZONIND-EQ,HORIZONIND,NSE,HORIZONIND
765382,SHANKESH-EQ,SHANKESH,NSE,SHANKESH
761494,BCPL-EQ,BCPL,NSE,BCPL
765392,SILVER001-EQ,SILVER001,NSE,SILVER001
765396,GAJA-EQ,GAJA,NSE,GAJA
765467,HTEL-EQ,HTEL,NSE,HTEL
765553,ESDS-EQ,ESDS,NSE,ESDS
765931,DEEPA-EQ,DEEPA,NSE,DEEPA
766000,PRANAV-EQ,PRANAV,NSE,PRANAV
761670,AEROPLANE-EQ,AEROPLANE,NSE,AEROPLANE
766255,VARMORA-EQ,VARMORA,NSE,VARMORA
761741,SBINMID150-EQ,SBINMID150,NSE,SBINMID150
7672,IMAGICAA-EQ,IMAGICAA,NSE,IMAGICAA
7679,MONARCH-EQ,MONARCH,NSE,MONARCH
762432,OMPOWER-EQ,OMPOWER,NSE,OMPOWER
7851,RAMCOSYS-EQ,RAMCOSYS,NSE,RAMCOSYS
762568,BATLIBOI-EQ,BATLIBOI,NSE,BATLIBOI
7929,ZYDUSLIFE-EQ,ZYDUSLIFE,NSE,ZYDUSLIFE
762623,COCKERILL-EQ,COCKERILL,NSE,COCKERILL
762648,DRAGARWQ-EQ,DRAGARWQ,NSE,DRAGARWQ
762695,GRANDOAK-EQ,GRANDOAK,NSE,GRANDOAK
804,SHIVATEX-EQ,SHIVATEX,NSE,SHIVATEX
8054,KTKBANK-EQ,KTKBANK,NSE,KTKBANK
762705,HALDYNGL-EQ,HALDYNGL,NSE,HALDYNGL
8159,FIBERWEB-EQ,FIBERWEB,NSE,FIBERWEB
762812,NEAGI-EQ,NEAGI,NSE,NEAGI
8266,SOFTTECH-EQ,SOFTTECH,NSE,SOFTTECH
762817,NILE-EQ,NILE,NSE,NILE
762839,PRADPME-EQ,PRADPME,NSE,PRADPME
762879,SAYAJIHOTL-EQ,SAYAJIHOTL,NSE,SAYAJIHOTL
762889,SEIL-EQ,SEIL,NSE,SEIL
762954,TIMEX-EQ,TIMEX,NSE,TIMEX
857,DHAMPURSUG-EQ,DHAMPURSUG,NSE,DHAMPURSUG
8546,CHALET-EQ,CHALET,NSE,CHALET
762985,ZSARACOM-EQ,ZSARACOM,NSE,ZSARACOM
8632,LOWVOL1-EQ,LOWVOL1,NSE,LOWVOL1
763602,MSCI360-EQ,MSCI360,NSE,MSCI360
8954,TTML-EQ,TTML,NSE,TTML
9007,NOVARTIND-EQ,NOVARTIND,NSE,NOVARTIND
763839,KNACK-EQ,KNACK,NSE,KNACK
937,ELGIEQUIP-EQ,ELGIEQUIP,NSE,ELGIEQUIP
940,PGHL-EQ,PGHL,NSE,PGHL
9599,DELHIVERY-EQ,DELHIVERY,NSE,DELHIVERY
764203,CPL-EQ,CPL,NSE,CPL
9668,HIKAL-EQ,HIKAL,NSE,HIKAL
764402,MOMETAL-EQ,MOMETAL,NSE,MOMETAL
764537,SHUKRAPHAR-EQ,SHUKRAPHAR,NSE,SHUKRAPHAR
764553,DHOOTTRANS-EQ,DHOOTTRANS,NSE,DHOOTTRANS
764623,BPLPHARMA-EQ,BPLPHARMA,NSE,BPLPHARMA
764778,MIIL-EQ,MIIL,NSE,MIIL
764900,SHIVAAGRO-EQ,SHIVAAGRO,NSE,SHIVAAGRO
764965,UDAYJEW-EQ,UDAYJEW,NSE,UDAYJEW
764980,VEDAVAAG-EQ,VEDAVAAG,NSE,VEDAVAAG
765000,VOITHPAPR-EQ,VOITHPAPR,NSE,VOITHPAPR
765005,WHBRADY-EQ,WHBRADY,NSE,WHBRADY
765010,YOGI-EQ,YOGI,NSE,YOGI
765030,AVANCE-EQ,AVANCE,NSE,AVANCE
765085,HINDALUMI-EQ,HINDALUMI,NSE,HINDALUMI
765205,TUTIALKA-EQ,TUTIALKA,NSE,TUTIALKA
765247,SGLRES-EQ,SGLRES,NSE,SGLRES
765310,GSEC10ADD-EQ,GSEC10ADD,NSE,GSEC10ADD
765426,TEMPSENS-EQ,TEMPSENS,NSE,TEMPSENS
100,ARE&M-EQ,ARE&M,NSE,ARE&M
1011,SCHAEFFLER-EQ,SCHAEFFLER,NSE,SCHAEFFLER
1023,FEDERALBNK-EQ,FEDERALBNK,NSE,FEDERALBNK
10350,CSLFINANCE-EQ,CSLFINANCE,NSE,CSLFINANCE
104,SHAREINDIA-EQ,SHAREINDIA,NSE,SHAREINDIA
10406,STEELCITY-EQ,STEELCITY,NSE,STEELCITY
10447,UNITDSPR-EQ,UNITDSPR,NSE,UNITDSPR
23799,GODIGIT-EQ,GODIGIT,NSE,GODIGIT
10508,MOHEALTH-EQ,MOHEALTH,NSE,MOHEALTH
10576,NIFTYBEES-EQ,NIFTYBEES,NSE,NIFTYBEES
10578,MPSLTD-EQ,MPSLTD,NSE,MPSLTD
10633,HDFCNIF100-EQ,HDFCNIF100,NSE,HDFCNIF100
10726,INDIAMART-EQ,INDIAMART,NSE,INDIAMART
10822,MOQUALITY-EQ,MOQUALITY,NSE,MOQUALITY
10893,DBOL-EQ,DBOL,NSE,DBOL
11050,SIRCA-EQ,SIRCA,NSE,SIRCA
24190,SYMPHONY-EQ,SYMPHONY,NSE,SYMPHONY
11165,COFFEEDAY-EQ,COFFEEDAY,NSE,COFFEEDAY
11226,BAGFILMS-EQ,BAGFILMS,NSE,BAGFILMS
24225,RELAXO-EQ,RELAXO,NSE,RELAXO
11271,DREDGECORP-EQ,DREDGECORP,NSE,DREDGECORP
24385,KARMAENG-EQ,KARMAENG,NSE,KARMAENG
2442,NOCIL-EQ,NOCIL,NSE,NOCIL
11301,LUXIND-EQ,LUXIND,NSE,LUXIND
11309,BALAXI-EQ,BALAXI,NSE,BALAXI
2454,CENTRUM-EQ,CENTRUM,NSE,CENTRUM
11427,NDTV-EQ,NDTV,NSE,NDTV
11441,LICNETFSEN-EQ,LICNETFSEN,NSE,LICNETFSEN
11452,CCL-EQ,CCL,NSE,CCL
11471,EXCELINDUS-EQ,EXCELINDUS,NSE,EXCELINDUS
11496,AMBICAAGAR-EQ,AMBICAAGAR,NSE,AMBICAAGAR
11532,ULTRACEMCO-EQ,ULTRACEMCO,NSE,ULTRACEMCO
11538,HDFCMOMENT-EQ,HDFCMOMENT,NSE,HDFCMOMENT
24730,RUBFILA-EQ,RUBFILA,NSE,RUBFILA
1168,GMBREW-EQ,GMBREW,NSE,GMBREW
11655,JBMA-EQ,JBMA,NSE,JBMA
11705,XCHANGING-EQ,XCHANGING,NSE,XCHANGING
24944,MODEFENCE-EQ,MODEFENCE,NSE,MODEFENCE
25,ADANIENT-EQ,ADANIENT,NSE,ADANIENT
11782,EVEREADY-EQ,EVEREADY,NSE,EVEREADY
12108,HDFCPVTBAN-EQ,HDFCPVTBAN,NSE,HDFCPVTBAN
12173,HNDFDS-EQ,HNDFDS,NSE,HNDFDS
25203,BALAJEE-EQ,BALAJEE,NSE,BALAJEE
25258,EBANKNIFTY-EQ,EBANKNIFTY,NSE,EBANKNIFTY
25392,PANAMAPET-EQ,PANAMAPET,NSE,PANAMAPET
12384,ZIMLAB-EQ,ZIMLAB,NSE,ZIMLAB
12533,AAATECH-EQ,AAATECH,NSE,AAATECH
25684,JISLDVREQS-EQ,JISLDVREQS,NSE,JISLDVREQS
25690,DSSL-EQ,DSSL,NSE,DSSL
12749,DJML-EQ,DJML,NSE,DJML
12841,11NSETEST-EQ,11NSETEST,NSE,11NSETEST
13082,SILVER1-EQ,SILVER1,NSE,SILVER1
13086,AIAENG-EQ,AIAENG,NSE,AIAENG
13139,EBBETF0433-EQ,EBBETF0433,NSE,EBBETF0433
13162,CELEBRITY-EQ,CELEBRITY,NSE,CELEBRITY
13218,SULA-EQ,SULA,NSE,SULA
25800,GARUDA-EQ,GARUDA,NSE,GARUDA
25807,LLOYDSENT-EQ,LLOYDSENT,NSE,LLOYDSENT
13400,BHAGERIA-EQ,BHAGERIA,NSE,BHAGERIA
25892,DBEIL-EQ,DBEIL,NSE,DBEIL
2595,3PLAND-EQ,3PLAND,NSE,3PLAND
25941,GODAVARIB-EQ,GODAVARIB,NSE,GODAVARIB
13528,GMRAIRPORT-EQ,GMRAIRPORT,NSE,GMRAIRPORT
13565,RAMANEWS-EQ,RAMANEWS,NSE,RAMANEWS
27008,HEXATRADEX-EQ,HEXATRADEX,NSE,HEXATRADEX
13580,RADIANTCMS-EQ,RADIANTCMS,NSE,RADIANTCMS
13598,ANTELOPUS-EQ,ANTELOPUS,NSE,ANTELOPUS
2711,PRECOT-EQ,PRECOT,NSE,PRECOT
13671,MADHUCON-EQ,MADHUCON,NSE,MADHUCON
13745,GTLINFRA-EQ,GTLINFRA,NSE,GTLINFRA
27353,ROSSTECH-EQ,ROSSTECH,NSE,ROSSTECH
13801,SUTLEJTEX-EQ,SUTLEJTEX,NSE,SUTLEJTEX
27571,ODIGMA-EQ,ODIGMA,NSE,ODIGMA
27969,VMM-EQ,VMM,NSE,VMM
13900,CREST-EQ,CREST,NSE,CREST
28378,IGIL-EQ,IGIL,NSE,IGIL
1403,HINDOILEXP-EQ,HINDOILEXP,NSE,HINDOILEXP
14116,GANDHITUBE-EQ,GANDHITUBE,NSE,GANDHITUBE
28913,ROSSELLIND-EQ,ROSSELLIND,NSE,ROSSELLIND
14139,SBGLP-EQ,SBGLP,NSE,SBGLP
14180,NSLNISP-EQ,NSLNISP,NSE,NSLNISP
28969,CONSUMER-EQ,CONSUMER,NSE,CONSUMER
29025,INDOFARM-EQ,INDOFARM,NSE,INDOFARM
14236,HDFCMID150-EQ,HDFCMID150,NSE,HDFCMID150
14245,TVSSRICHAK-EQ,TVSSRICHAK,NSE,TVSSRICHAK
14296,VIYASH-EQ,VIYASH,NSE,VIYASH
29135,INDUSTOWER-EQ,INDUSTOWER,NSE,INDUSTOWER
14445,NAHARPOLY-EQ,NAHARPOLY,NSE,NAHARPOLY
14450,EMBDL-EQ,EMBDL,NSE,EMBDL
14485,THEMISMED-EQ,THEMISMED,NSE,THEMISMED
14523,ICRA-EQ,ICRA,NSE,ICRA
29577,NIF100BEES-EQ,NIF100BEES,NSE,NIF100BEES
14537,DISHTV-EQ,DISHTV,NSE,DISHTV
14547,NDLVENTURE-EQ,NDLVENTURE,NSE,NDLVENTURE
2988,SANDESH-EQ,SANDESH,NSE,SANDESH
14557,AROGRANITE-EQ,AROGRANITE,NSE,AROGRANITE
14592,FORTIS-EQ,FORTIS,NSE,FORTIS
14627,HILTON-EQ,HILTON,NSE,HILTON
14677,GUJAPOLLO-EQ,GUJAPOLLO,NSE,GUJAPOLLO
29975,AONETOTAL-EQ,AONETOTAL,NSE,AONETOTAL
3001,BSE500IETF-EQ,BSE500IETF,NSE,BSE500IETF
14755,041NSETEST-EQ,041NSETEST,NSE,041NSETEST
14764,071NSETEST-EQ,071NSETEST,NSE,071NSETEST
1491,IFCI-EQ,IFCI,NSE,IFCI
14858,GOLD1-EQ,GOLD1,NSE,GOLD1
14972,KSCL-EQ,KSCL,NSE,KSCL
14982,CENTUM-EQ,CENTUM,NSE,CENTUM
15039,CERA-EQ,CERA,NSE,CERA
1508,ASTERDM-EQ,ASTERDM,NSE,ASTERDM
15085,SILVERBETA-EQ,SILVERBETA,NSE,SILVERBETA
15146,JYOTHYLAB-EQ,JYOTHYLAB,NSE,JYOTHYLAB
15179,ECLERX-EQ,ECLERX,NSE,ECLERX
15239,BIRLAMONEY-EQ,BIRLAMONEY,NSE,BIRLAMONEY
15313,IRB-EQ,IRB,NSE,IRB
23402,SRM-EQ,SRM,NSE,SRM
23446,171NSETEST-EQ,171NSETEST,NSE,171NSETEST
23507,UEL-EQ,UEL,NSE,UEL
16669,BAJAJ-AUTO-EQ,BAJAJ-AUTO,NSE,BAJAJ-AUTO
23607,BALUFORGE-EQ,BALUFORGE,NSE,BALUFORGE
16696,GHCLTEXTIL-EQ,GHCLTEXTIL,NSE,GHCLTEXTIL
16783,GVT&D-EQ,GVT&D,NSE,GVT&D
16921,20MICRONS-EQ,20MICRONS,NSE,20MICRONS
23647,FILATFASH-EQ,FILATFASH,NSE,FILATFASH
23806,ABSLPSE-EQ,ABSLPSE,NSE,ABSLPSE
2388,NELCO-EQ,NELCO,NSE,NELCO
17272,SETFGOLD-EQ,SETFGOLD,NSE,SETFGOLD
17397,PREMEXPLN-EQ,PREMEXPLN,NSE,PREMEXPLN
17613,SENSEXADD-EQ,SENSEXADD,NSE,SENSEXADD
24077,MID150CASE-EQ,MID150CASE,NSE,MID150CASE
17722,DEN-EQ,DEN,NSE,DEN
24184,PIIND-EQ,PIIND,NSE,PIIND
24196,VADILALIND-EQ,VADILALIND,NSE,VADILALIND
1782,KANPRPLA-EQ,KANPRPLA,NSE,KANPRPLA
17738,YATHARTH-EQ,YATHARTH,NSE,YATHARTH
17839,GILLANDERS-EQ,GILLANDERS,NSE,GILLANDERS
2433,NIRLON-EQ,NIRLON,NSE,NIRLON
17971,SBICARD-EQ,SBICARD,NSE,SBICARD
24321,VRAJ-EQ,VRAJ,NSE,VRAJ
18011,WHIRLPOOL-EQ,WHIRLPOOL,NSE,WHIRLPOOL
18012,VLEGOV-EQ,VLEGOV,NSE,VLEGOV
18039,ADVENZYMES-EQ,ADVENZYMES,NSE,ADVENZYMES
24374,LIQUIDSHRI-EQ,LIQUIDSHRI,NSE,LIQUIDSHRI
24409,DHANUKA-EQ,DHANUKA,NSE,DHANUKA
181,ARENTERP-EQ,ARENTERP,NSE,ARENTERP
1811,KAKATCEM-EQ,KAKATCEM,NSE,KAKATCEM
18118,THANGAMAYL-EQ,THANGAMAYL,NSE,THANGAMAYL
18143,JIOFIN-EQ,JIOFIN,NSE,JIOFIN
24524,SBINEQWETF-EQ,SBINEQWETF,NSE,SBINEQWETF
18220,KECL-EQ,KECL,NSE,KECL
18279,HDFCLIQUID-EQ,HDFCLIQUID,NSE,HDFCLIQUID
24948,LTF-EQ,LTF,NSE,LTF
25023,GAYAPROJ-EQ,GAYAPROJ,NSE,GAYAPROJ
18581,KIRLOSBROS-EQ,KIRLOSBROS,NSE,KIRLOSBROS
18679,HPL-EQ,HPL,NSE,HPL
25162,EUREKAFORB-EQ,EUREKAFORB,NSE,EUREKAFORB
18863,VERTOZ-EQ,VERTOZ,NSE,VERTOZ
19025,KIRLOSIND-EQ,KIRLOSIND,NSE,KIRLOSIND
25597,MANBA-EQ,MANBA,NSE,MANBA
25606,MOMENTUM50-EQ,MOMENTUM50,NSE,MOMENTUM50
19205,HEADSUP-EQ,HEADSUP,NSE,HEADSUP
19224,SENSEXETF-EQ,SENSEXETF,NSE,SENSEXETF
25724,RUPA-EQ,RUPA,NSE,RUPA
25780,APLAPOLLO-EQ,APLAPOLLO,NSE,APLAPOLLO
193,ARVIND-EQ,ARVIND,NSE,ARVIND
19438,AHLEAST-EQ,AHLEAST,NSE,AHLEAST
25855,AFFORDABLE-EQ,AFFORDABLE,NSE,AFFORDABLE
19556,BHANDARI-EQ,BHANDARI,NSE,BHANDARI
19646,MAXESTATES-EQ,MAXESTATES,NSE,MAXESTATES
25984,AVL-EQ,AVL,NSE,AVL
2636,DIVOPPBEES-EQ,DIVOPPBEES,NSE,DIVOPPBEES
19731,GPPL-EQ,GPPL,NSE,GPPL
2649,PCBL-EQ,PCBL,NSE,PCBL
19876,LGHL-EQ,LGHL,NSE,LGHL
27067,VSSL-EQ,VSSL,NSE,VSSL
27075,LIQUIDPLUS-EQ,LIQUIDPLUS,NSE,LIQUIDPLUS
20071,INTENTECH-EQ,INTENTECH,NSE,INTENTECH
2717,PRECWIRE-EQ,PRECWIRE,NSE,PRECWIRE
27213,EIEL-EQ,EIEL,NSE,EIEL
2049,CHENNPETRO-EQ,CHENNPETRO,NSE,CHENNPETRO
2783,JUBLINGREA-EQ,JUBLINGREA,NSE,JUBLINGREA
28046,MOBIKWIK-EQ,MOBIKWIK,NSE,MOBIKWIK
20642,JINDWORLD-EQ,JINDWORLD,NSE,JINDWORLD
28879,CARRARO-EQ,CARRARO,NSE,CARRARO
23590,GLOSTERLTD-EQ,GLOSTERLTD,NSE,GLOSTERLTD
20878,MUFTI-EQ,MUFTI,NSE,MUFTI
20906,A2ZINFRA-EQ,A2ZINFRA,NSE,A2ZINFRA
236,ASIANPAINT-EQ,ASIANPAINT,NSE,ASIANPAINT
20950,RKDL-EQ,RKDL,NSE,RKDL
29224,ONESOURCE-EQ,ONESOURCE,NSE,ONESOURCE
21334,JYOTICNC-EQ,JYOTICNC,NSE,JYOTICNC
24081,TOP100CASE-EQ,TOP100CASE,NSE,TOP100CASE
21423,MOM100-EQ,MOM100,NSE,MOM100
29527,GROWWRAIL-EQ,GROWWRAIL,NSE,GROWWRAIL
24217,IVZINNIFTY-EQ,IVZINNIFTY,NSE,IVZINNIFTY
29678,BAJAJINDEF-EQ,BAJAJINDEF,NSE,BAJAJINDEF
21614,ABCAPITAL-EQ,ABCAPITAL,NSE,ABCAPITAL
2168,RAJMET-EQ,RAJMET,NSE,RAJMET
21740,CHOLAHLDNG-EQ,CHOLAHLDNG,NSE,CHOLAHLDNG
24292,VSTTILLERS-EQ,VSTTILLERS,NSE,VSTTILLERS
29758,MSCIINDIA-EQ,MSCIINDIA,NSE,MSCIINDIA
2183,TSFINV-EQ,TSFINV,NSE,TSFINV
24445,AGIIL-EQ,AGIIL,NSE,AGIIL
24582,SANSTAR-EQ,SANSTAR,NSE,SANSTAR
29962,JUSTDIAL-EQ,JUSTDIAL,NSE,JUSTDIAL
24781,BSLNIFTY-EQ,BSLNIFTY,NSE,BSLNIFTY
24798,GROWWEV-EQ,GROWWEV,NSE,GROWWEV
24861,METALIETF-EQ,METALIETF,NSE,METALIETF
3066,SESHAPAPER-EQ,SESHAPAPER,NSE,SESHAPAPER
3078,SHANTIGEAR-EQ,SHANTIGEAR,NSE,SHANTIGEAR
25049,PREMIERENE-EQ,PREMIERENE,NSE,PREMIERENE
3088,INDOSTAR-EQ,INDOSTAR,NSE,INDOSTAR
22277,WORTHPERI-EQ,WORTHPERI,NSE,WORTHPERI
25080,MULTICAP-EQ,MULTICAP,NSE,MULTICAP
25134,GALAPREC-EQ,GALAPREC,NSE,GALAPREC
25171,TOP10ADD-EQ,TOP10ADD,NSE,TOP10ADD
25235,XTGLOBAL-EQ,XTGLOBAL,NSE,XTGLOBAL
25252,KROSS-EQ,KROSS,NSE,KROSS
2241,MODTHREAD-EQ,MODTHREAD,NSE,MODTHREAD
22344,ALPL30IETF-EQ,ALPL30IETF,NSE,ALPL30IETF
335,BALKRISIND-EQ,BALKRISIND,NSE,BALKRISIND
3324,SUBROS-EQ,SUBROS,NSE,SUBROS
3405,TATACHEM-EQ,TATACHEM,NSE,TATACHEM
3466,TFCILTD-EQ,TFCILTD,NSE,TFCILTD
22477,NOVAAGRI-EQ,NOVAAGRI,NSE,NOVAAGRI
255,NIRAJ-EQ,NIRAJ,NSE,NIRAJ
3506,TITAN-EQ,TITAN,NSE,TITAN
3693,GAYAHWS-EQ,GAYAHWS,NSE,GAYAHWS
22595,HDFCPSUBK-EQ,HDFCPSUBK,NSE,HDFCPSUBK
25608,INDOTHAI-EQ,INDOTHAI,NSE,INDOTHAI
25643,KRN-EQ,KRN,NSE,KRN
25756,VIKASECO-EQ,VIKASECO,NSE,VIKASECO
380,BBTC-EQ,BBTC,NSE,BBTC
3812,ZEEL-EQ,ZEEL,NSE,ZEEL
25844,HYUNDAI-EQ,HYUNDAI,NSE,HYUNDAI
3963,GOCLCORP-EQ,GOCLCORP,NSE,GOCLCORP
4010,PVP-EQ,PVP,NSE,PVP
4055,PANACEABIO-EQ,PANACEABIO,NSE,PANACEABIO
4130,REGENCERAM-EQ,REGENCERAM,NSE,REGENCERAM
419,BEPL-EQ,BEPL,NSE,BEPL
4184,SANGAMIND-EQ,SANGAMIND,NSE,SANGAMIND
4279,DENORA-EQ,DENORA,NSE,DENORA
2313,MURUDCERA-EQ,MURUDCERA,NSE,MURUDCERA
2687,POLYPLEX-EQ,POLYPLEX,NSE,POLYPLEX
2705,PRAJIND-EQ,PRAJIND,NSE,PRAJIND
27052,SAGILITY-EQ,SAGILITY,NSE,SAGILITY
4525,DYNAMATECH-EQ,DYNAMATECH,NSE,DYNAMATECH
4598,HERITGFOOD-EQ,HERITGFOOD,NSE,HERITGFOOD
2716,BUTTERFLY-EQ,BUTTERFLY,NSE,BUTTERFLY
4548,GUJRAFFIA-EQ,GUJRAFFIA,NSE,GUJRAFFIA
27144,BLACKBUCK-EQ,BLACKBUCK,NSE,BLACKBUCK
4732,SKMEGGPROD-EQ,SKMEGGPROD,NSE,SKMEGGPROD
4745,BANKINDIA-EQ,BANKINDIA,NSE,BANKINDIA
4747,INDNIPPON-EQ,INDNIPPON,NSE,INDNIPPON
4751,INDRAMEDCO-EQ,INDRAMEDCO,NSE,INDRAMEDCO
4775,DCMFINSERV-EQ,DCMFINSERV,NSE,DCMFINSERV
2331,JAYNECOIND-EQ,JAYNECOIND,NSE,JAYNECOIND
27334,SURAKSHA-EQ,SURAKSHA,NSE,SURAKSHA
4963,ICICIBANK-EQ,ICICIBANK,NSE,ICICIBANK
4911,MADRASFERT-EQ,MADRASFERT,NSE,MADRASFERT
275,AUROPHARMA-EQ,AUROPHARMA,NSE,AUROPHARMA
2794,RSWM-EQ,RSWM,NSE,RSWM
27839,SAILIFE-EQ,SAILIFE,NSE,SAILIFE
522,ICICIB22-EQ,ICICIB22,NSE,ICICIB22
5206,ANDREWYU-EQ,ANDREWYU,NSE,ANDREWYU
5239,MAHAPEXLTD-EQ,MAHAPEXLTD,NSE,MAHAPEXLTD
5245,AAREYDRUGS-EQ,AAREYDRUGS,NSE,AAREYDRUGS
5306,FMCGIETF-EQ,FMCGIETF,NSE,FMCGIETF
2859,RAYMOND-EQ,RAYMOND,NSE,RAYMOND
5373,DEVYANI-EQ,DEVYANI,NSE,DEVYANI
23447,181NSETEST-EQ,181NSETEST,NSE,181NSETEST
28662,DAMCAPITAL-EQ,DAMCAPITAL,NSE,DAMCAPITAL
5475,GRSE-EQ,GRSE,NSE,GRSE
235,AAKASH-EQ,AAKASH,NSE,AAKASH
28847,VENTIVE-EQ,VENTIVE,NSE,VENTIVE
28906,MAYURUNIQ-EQ,MAYURUNIQ,NSE,MAYURUNIQ
5633,J&KBANK-EQ,J&KBANK,NSE,J&KBANK
28960,UNIMECH-EQ,UNIMECH,NSE,UNIMECH
5701,CUB-EQ,CUB,NSE,CUB
5751,SANSERA-EQ,SANSERA,NSE,SANSERA
5957,BSLSENETFG-EQ,BSLSENETFG,NSE,BSLSENETFG
6018,ABSLAMC-EQ,ABSLAMC,NSE,ABSLAMC
6164,BHAGCHEM-EQ,BHAGCHEM,NSE,BHAGCHEM
29459,MOSCHIP-EQ,MOSCHIP,NSE,MOSCHIP
6302,APOLSINHOT-EQ,APOLSINHOT,NSE,APOLSINHOT
29666,HEXT-EQ,HEXT,NSE,HEXT
6579,FINOPB-EQ,FINOPB,NSE,FINOPB
6673,FOODSIN-EQ,FOODSIN,NSE,FOODSIN
2979,ORTINGLOBE-EQ,ORTINGLOBE,NSE,ORTINGLOBE
29731,GUJTHEM-EQ,GUJTHEM,NSE,GUJTHEM
24154,DEEDEV-EQ,DEEDEV,NSE,DEEDEV
685,CHOLAFIN-EQ,CHOLAFIN,NSE,CHOLAFIN
6733,JINDALSTEL-EQ,JINDALSTEL,NSE,JINDALSTEL
24265,ESTER-EQ,ESTER,NSE,ESTER
6973,DMCC-EQ,DMCC,NSE,DMCC
2431,RAILTEL-EQ,RAILTEL,NSE,RAILTEL
24308,ABDL-EQ,ABDL,NSE,ABDL
6994,BSOFT-EQ,BSOFT,NSE,BSOFT
708,SHRADHA-EQ,SHRADHA,NSE,SHRADHA
7411,NILASPACES-EQ,NILASPACES,NSE,NILASPACES
24404,ABGSEC-EQ,ABGSEC,NSE,ABGSEC
7412,ALPHA-EQ,ALPHA,NSE,ALPHA
750290,VISL-EQ,VISL,NSE,VISL
7508,ZENTEC-EQ,ZENTEC,NSE,ZENTEC
751745,SMALLGROWW-EQ,SMALLGROWW,NSE,SMALLGROWW
24870,INVENTURE-EQ,INVENTURE,NSE,INVENTURE
756150,SILVER360-EQ,SILVER360,NSE,SILVER360
24924,ELGIRUBCO-EQ,ELGIRUBCO,NSE,ELGIRUBCO
24961,ORIENTTECH-EQ,ORIENTTECH,NSE,ORIENTTECH
757031,MOINFRA-EQ,MOINFRA,NSE,MOINFRA
2513,BCLIND-EQ,BCLIND,NSE,BCLIND
3147,SIEL-EQ,SIEL,NSE,SIEL
757336,AEGISVOPAK-EQ,AEGISVOPAK,NSE,AEGISVOPAK
757443,MOTOUR-EQ,MOTOUR,NSE,MOTOUR
324,ANGELONE-EQ,ANGELONE,NSE,ANGELONE
3375,SURYAROSNI-EQ,SURYAROSNI,NSE,SURYAROSNI
34,ADOR-EQ,ADOR,NSE,ADOR
3387,SMLMAH-EQ,SMLMAH,NSE,SMLMAH
25312,PNGJL-EQ,PNGJL,NSE,PNGJL
350,BANARISUG-EQ,BANARISUG,NSE,BANARISUG
3481,THOMASCOOK-EQ,THOMASCOOK,NSE,THOMASCOOK
3518,TORNTPHARM-EQ,TORNTPHARM,NSE,TORNTPHARM
25398,ARKADE-EQ,ARKADE,NSE,ARKADE
25426,NORTHARC-EQ,NORTHARC,NSE,NORTHARC
25468,PAISALO-EQ,PAISALO,NSE,PAISALO
25503,INDOUS-EQ,INDOUS,NSE,INDOUS
3718,VOLTAS-EQ,VOLTAS,NSE,VOLTAS
3761,RITES-EQ,RITES,NSE,RITES
3799,WSTCSTPAPR-EQ,WSTCSTPAPR,NSE,WSTCSTPAPR
757794,BRIGHOTEL-EQ,BRIGHOTEL,NSE,BRIGHOTEL
381,SINTERCOM-EQ,SINTERCOM,NSE,SINTERCOM
385,MAHLOG-EQ,MAHLOG,NSE,MAHLOG
3972,PARASPETRO-EQ,PARASPETRO,NSE,PARASPETRO
25574,SHAKTIPUMP-EQ,SHAKTIPUMP,NSE,SHAKTIPUMP
25634,ESSARSHPNG-EQ,ESSARSHPNG,NSE,ESSARSHPNG
3987,GREENPLY-EQ,GREENPLY,NSE,GREENPLY
4007,CORALFINAC-EQ,CORALFINAC,NSE,CORALFINAC
4041,JAYAGROGN-EQ,JAYAGROGN,NSE,JAYAGROGN
4176,ZENITHEXPO-EQ,ZENITHEXPO,NSE,ZENITHEXPO
4179,SUNDRMBRAK-EQ,SUNDRMBRAK,NSE,SUNDRMBRAK
4229,ZFSTEERING-EQ,ZFSTEERING,NSE,ZFSTEERING
4235,WENDT-EQ,WENDT,NSE,WENDT
757955,PASHUPATI-EQ,PASHUPATI,NSE,PASHUPATI
4344,PUNJABCHEM-EQ,PUNJABCHEM,NSE,PUNJABCHEM
758165,GROWWPOWER-EQ,GROWWPOWER,NSE,GROWWPOWER
4487,ALKYLAMINE-EQ,ALKYLAMINE,NSE,ALKYLAMINE
4566,RUCHINFRA-EQ,RUCHINFRA,NSE,RUCHINFRA
25737,SRD-EQ,SRD,NSE,SRD
4749,CONCOR-EQ,CONCOR,NSE,CONCOR
25786,KANANIIND-EQ,KANANIIND,NSE,KANANIIND
4843,SNOWMAN-EQ,SNOWMAN,NSE,SNOWMAN
4898,FDC-EQ,FDC,NSE,FDC
25996,EMULTIMQ-EQ,EMULTIMQ,NSE,EMULTIMQ
263,ATUL-EQ,ATUL,NSE,ATUL
4957,GANGAFORGE-EQ,GANGAFORGE,NSE,GANGAFORGE
758667,MANUFGBEES-EQ,MANUFGBEES,NSE,MANUFGBEES
509,MAZDOCK-EQ,MAZDOCK,NSE,MAZDOCK
5114,SGIL-EQ,SGIL,NSE,SGIL
5143,JAICORPLTD-EQ,JAICORPLTD,NSE,JAICORPLTD
5292,PRITIKAUTO-EQ,PRITIKAUTO,NSE,PRITIKAUTO
27066,SWIGGY-EQ,SWIGGY,NSE,SWIGGY
27161,CINELINE-EQ,CINELINE,NSE,CINELINE
758858,CPPLUS-EQ,CPPLUS,NSE,CPPLUS
758889,SGMART-EQ,SGMART,NSE,SGMART
758904,AONEGOLD-EQ,AONEGOLD,NSE,AONEGOLD
5650,SHANTI-EQ,SHANTI,NSE,SHANTI
559,BSL-EQ,BSL,NSE,BSL
758952,ELM250-EQ,ELM250,NSE,ELM250
578,LIKHITHA-EQ,LIKHITHA,NSE,LIKHITHA
5851,BANKNIFTY1-EQ,BANKNIFTY1,NSE,BANKNIFTY1
5938,MONTECARLO-EQ,MONTECARLO,NSE,MONTECARLO
758955,SML100CASE-EQ,SML100CASE,NSE,SML100CASE
595,CARBORUNIV-EQ,CARBORUNIV,NSE,CARBORUNIV
6062,LICNETFGSC-EQ,LICNETFGSC,NSE,LICNETFGSC
2739,PRSMJOHNSN-EQ,PRSMJOHNSN,NSE,PRSMJOHNSN
6068,AIROLAM-EQ,AIROLAM,NSE,AIROLAM
6353,NIFTYETF-EQ,NIFTYETF,NSE,NIFTYETF
2809,RAJSREESUG-EQ,RAJSREESUG,NSE,RAJSREESUG
6489,IRIS-EQ,IRIS,NSE,IRIS
27754,INNOVANA-EQ,INNOVANA,NSE,INNOVANA
2844,RANEHOLDIN-EQ,RANEHOLDIN,NSE,RANEHOLDIN
6643,SJS-EQ,SJS,NSE,SJS
6663,SIGACHI-EQ,SIGACHI,NSE,SIGACHI
6713,MOLDTKPAC-EQ,MOLDTKPAC,NSE,MOLDTKPAC
28314,ANUHPHR-EQ,ANUHPHR,NSE,ANUHPHR
6792,SBC-EQ,SBC,NSE,SBC
766176,SSRETAIL-EQ,SSRETAIL,NSE,SSRETAIL
694,CIPLA-EQ,CIPLA,NSE,CIPLA
766325,MONEYVIEW-EQ,MONEYVIEW,NSE,MONEYVIEW
7048,HESTERBIO-EQ,HESTERBIO,NSE,HESTERBIO
28952,DUCON-EQ,DUCON,NSE,DUCON
7083,STARHEALTH-EQ,STARHEALTH,NSE,STARHEALTH
7105,TEGA-EQ,TEGA,NSE,TEGA
766377,ORIENTCABL-EQ,ORIENTCABL,NSE,ORIENTCABL
29008,TVSHLTD-EQ,TVSHLTD,NSE,TVSHLTD
7791,UNIINFO-EQ,UNIINFO,NSE,UNIINFO
7376,HPAL-EQ,HPAL,NSE,HPAL
2909,RICOAUTO-EQ,RICOAUTO,NSE,RICOAUTO
7422,MONQ50-EQ,MONQ50,NSE,MONQ50
7982,GRWRHITECH-EQ,GRWRHITECH,NSE,GRWRHITECH
8024,CINEVISTA-EQ,CINEVISTA,NSE,CINEVISTA
8119,RPSGVENT-EQ,RPSGVENT,NSE,RPSGVENT
750174,VAML-EQ,VAML,NSE,VAML
750518,VEDPOWER-EQ,VEDPOWER,NSE,VEDPOWER
29171,LAXMIDENTL-EQ,LAXMIDENTL,NSE,LAXMIDENTL
29251,ITCHOTELS-EQ,ITCHOTELS,NSE,ITCHOTELS
8510,GATEWAY-EQ,GATEWAY,NSE,GATEWAY
756086,GROWWMOM50-EQ,GROWWMOM50,NSE,GROWWMOM50
8614,INDOBORAX-EQ,INDOBORAX,NSE,INDOBORAX
756324,NPST-EQ,NPST,NSE,NPST
8696,VRLLOG-EQ,VRLLOG,NSE,VRLLOG
756925,PRIMO-EQ,PRIMO,NSE,PRIMO
916,EIDPARRY-EQ,EIDPARRY,NSE,EIDPARRY
919,EIHOTEL-EQ,EIHOTEL,NSE,EIHOTEL
8882,TNIDETF-EQ,TNIDETF,NSE,TNIDETF
9111,ARVINDFASN-EQ,ARVINDFASN,NSE,ARVINDFASN
757096,AONENIFTY-EQ,AONENIFTY,NSE,AONENIFTY
936,DPABHUSHAN-EQ,DPABHUSHAN,NSE,DPABHUSHAN
9354,TAJGVK-EQ,TAJGVK,NSE,TAJGVK
9392,LANCER-EQ,LANCER,NSE,LANCER
9408,RAINBOW-EQ,RAINBOW,NSE,RAINBOW
757099,MOMGF-EQ,MOMGF,NSE,MOMGF
29423,MOHITIND-EQ,MOHITIND,NSE,MOHITIND
955,ESABINDIA-EQ,ESABINDIA,NSE,ESABINDIA
9652,RELCHEMQ-EQ,RELCHEMQ,NSE,RELCHEMQ
958,ESCORTS-EQ,ESCORTS,NSE,ESCORTS
9590,POLYCAB-EQ,POLYCAB,NSE,POLYCAB
29452,AGARWALEYE-EQ,AGARWALEYE,NSE,AGARWALEYE
29487,NIBE-EQ,NIBE,NSE,NIBE
981,EPL-EQ,EPL,NSE,EPL
29590,JUBLCPL-EQ,JUBLCPL,NSE,JUBLCPL
9879,CHEVIOT-EQ,CHEVIOT,NSE,CHEVIOT
9897,AIRAN-EQ,AIRAN,NSE,AIRAN
9931,VIKASLIFE-EQ,VIKASLIFE,NSE,VIKASLIFE
29711,QPOWER-EQ,QPOWER,NSE,QPOWER
2987,NAZARA-EQ,NAZARA,NSE,NAZARA
30089,ORIENTCEM-EQ,ORIENTCEM,NSE,ORIENTCEM
3021,SOTL-EQ,SOTL,NSE,SOTL
757965,SMARTWORKS-EQ,SMARTWORKS,NSE,SMARTWORKS
758496,SBILIQETF-EQ,SBILIQETF,NSE,SBILIQETF
758558,KALPATARU-EQ,KALPATARU,NSE,KALPATARU
30835,PILITA-EQ,PILITA,NSE,PILITA
758675,EFCIL-EQ,EFCIL,NSE,EFCIL
3099,SHREDIGCEM-EQ,SHREDIGCEM,NSE,SHREDIGCEM
758680,REGAAL-EQ,REGAAL,NSE,REGAAL
758705,LTGILTCASE-EQ,LTGILTCASE,NSE,LTGILTCASE
758748,MEIL-EQ,MEIL,NSE,MEIL
3149,BORORENEW-EQ,BORORENEW,NSE,BORORENEW
3339,SUNDARMFIN-EQ,SUNDARMFIN,NSE,SUNDARMFIN
3384,SWARAJENG-EQ,SWARAJENG,NSE,SWARAJENG
3411,TATAELXSI-EQ,TATAELXSI,NSE,TATAELXSI
3426,TATAPOWER-EQ,TATAPOWER,NSE,TATAPOWER
759048,GKENERGY-EQ,GKENERGY,NSE,GKENERGY
759079,DEVX-EQ,DEVX,NSE,DEVX
759093,SHRINGARMS-EQ,SHRINGARMS,NSE,SHRINGARMS
3594,UNITECH-EQ,UNITECH,NSE,UNITECH
3694,VINDHYATEL-EQ,VINDHYATEL,NSE,VINDHYATEL
759205,JKIPL-EQ,JKIPL,NSE,JKIPL
3744,FINEORG-EQ,FINEORG,NSE,FINEORG
3880,SOMANYCERA-EQ,SOMANYCERA,NSE,SOMANYCERA
759239,FINKURVE-EQ,FINKURVE,NSE,FINKURVE
759256,BMWVENTLTD-EQ,BMWVENTLTD,NSE,BMWVENTLTD
4136,BIOFILCHEM-EQ,BIOFILCHEM,NSE,BIOFILCHEM
4037,AUSOMENT-EQ,AUSOMENT,NSE,AUSOMENT
759316,RUBICON-EQ,RUBICON,NSE,RUBICON
4394,MIRZAINT-EQ,MIRZAINT,NSE,MIRZAINT
4444,HAWKINCOOK-EQ,HAWKINCOOK,NSE,HAWKINCOOK
4656,SBCL-EQ,SBCL,NSE,SBCL
759374,MOENERGY-EQ,MOENERGY,NSE,MOENERGY
467,HDFCLIFE-EQ,HDFCLIFE,NSE,HDFCLIFE
759453,VIKRAMSOLR-EQ,VIKRAMSOLR,NSE,VIKRAMSOLR
759458,GROWWNXT50-EQ,GROWWNXT50,NSE,GROWWNXT50
4973,PHARMABEES-EQ,PHARMABEES,NSE,PHARMABEES
4992,SHARDACROP-EQ,SHARDACROP,NSE,SHARDACROP
759929,SOLARWORLD-EQ,SOLARWORLD,NSE,SOLARWORLD
5068,SHEMAROO-EQ,SHEMAROO,NSE,SHEMAROO
513,BOMDYEING-EQ,BOMDYEING,NSE,BOMDYEING
760054,MOMNC-EQ,MOMNC,NSE,MOMNC
760073,JAYKAY-EQ,JAYKAY,NSE,JAYKAY
5359,KRSNAA-EQ,KRSNAA,NSE,KRSNAA
5382,EPIGRAL-EQ,EPIGRAL,NSE,EPIGRAL
5401,NGIL-EQ,NGIL,NSE,NGIL
760116,GLOTTIS-EQ,GLOTTIS,NSE,GLOTTIS
5911,PARAS-EQ,PARAS,NSE,PARAS
760229,MEESHO-EQ,MEESHO,NSE,MEESHO
634,IGARASHI-EQ,IGARASHI,NSE,IGARASHI
6848,GREENLAM-EQ,GREENLAM,NSE,GREENLAM
703,DICIND-EQ,DICIND,NSE,DICIND
7145,ANANDRATHI-EQ,ANANDRATHI,NSE,ANANDRATHI
7177,RATEGAIN-EQ,RATEGAIN,NSE,RATEGAIN
7229,HCLTECH-EQ,HCLTECH,NSE,HCLTECH
739,COROMANDEL-EQ,COROMANDEL,NSE,COROMANDEL
7390,SUPRIYA-EQ,SUPRIYA,NSE,SUPRIYA
7406,GLENMARK-EQ,GLENMARK,NSE,GLENMARK
7480,BLUECOAST-EQ,BLUECOAST,NSE,BLUECOAST
760976,GROWWPSE-EQ,GROWWPSE,NSE,GROWWPSE
761030,INFRA-EQ,INFRA,NSE,INFRA
756020,TINNARUBR-EQ,TINNARUBR,NSE,TINNARUBR
762239,GSPCROP-EQ,GSPCROP,NSE,GSPCROP
762518,3BBLACKBIO-EQ,3BBLACKBIO,NSE,3BBLACKBIO
762538,AKCAPIT-EQ,AKCAPIT,NSE,AKCAPIT
757102,BELRISE-EQ,BELRISE,NSE,BELRISE
762807,NATIONSTD-EQ,NATIONSTD,NSE,NATIONSTD
762849,PREMCO-EQ,PREMCO,NSE,PREMCO
762904,SHINDL-EQ,SHINDL,NSE,SHINDL
762944,THACKER-EQ,THACKER,NSE,THACKER
757478,SCODATUBES-EQ,SCODATUBES,NSE,SCODATUBES
757614,ARIS-EQ,ARIS,NSE,ARIS
757817,MOMIDMTM-EQ,MOMIDMTM,NSE,MOMIDMTM
763546,SBIVALETF-EQ,SBIVALETF,NSE,SBIVALETF
757850,CRIZAC-EQ,CRIZAC,NSE,CRIZAC
757919,BORANA-EQ,BORANA,NSE,BORANA
757938,BELLACASA-EQ,BELLACASA,NSE,BELLACASA
764126,LASERPOWER-EQ,LASERPOWER,NSE,LASERPOWER
764183,BANK10BETF-EQ,BANK10BETF,NSE,BANK10BETF
758300,GROWWLOVOL-EQ,GROWWLOVOL,NSE,GROWWLOVOL
764288,EMETAL-EQ,EMETAL,NSE,EMETAL
764364,INSUREIETF-EQ,INSUREIETF,NSE,INSUREIETF
758448,ALLTIME-EQ,ALLTIME,NSE,ALLTIME
764471,ANNAPURNA-EQ,ANNAPURNA,NSE,ANNAPURNA
764428,MIDBANKADD-EQ,MIDBANKADD,NSE,MIDBANKADD
758700,ARFIN-EQ,ARFIN,NSE,ARFIN
764613,AXTEL-EQ,AXTEL,NSE,AXTEL
758853,SGFIN-EQ,SGFIN,NSE,SGFIN
758941,CPEDU-EQ,CPEDU,NSE,CPEDU
764693,HAZOOR-EQ,HAZOOR,NSE,HAZOOR
764833,PARNAXLAB-EQ,PARNAXLAB,NSE,PARNAXLAB
764860,SAB-EQ,SAB,NSE,SAB
764870,SAMBANDAM-EQ,SAMBANDAM,NSE,SAMBANDAM
758968,AHCL-EQ,AHCL,NSE,AHCL
764875,SAYAJIIND-EQ,SAYAJIIND,NSE,SAYAJIIND
764905,SHRADDHA-EQ,SHRADDHA,NSE,SHRADDHA
759169,MWL-EQ,MWL,NSE,MWL
759084,URBANCO-EQ,URBANCO,NSE,URBANCO
765065,EASTWEST-EQ,EASTWEST,NSE,EASTWEST
765080,HBPOR-EQ,HBPOR,NSE,HBPOR
765120,MKEXIM-EQ,MKEXIM,NSE,MKEXIM
765170,STLSTRINF-EQ,STLSTRINF,NSE,STLSTRINF
765210,VASUPRADA-EQ,VASUPRADA,NSE,VASUPRADA
765307,NIFTYJBLK-EQ,NIFTYJBLK,NSE,NIFTYJBLK
759342,PACEDIGITK-EQ,PACEDIGITK,NSE,PACEDIGITK
765387,SUNSHINE-EQ,SUNSHINE,NSE,SUNSHINE
765568,PERNIASPOP-EQ,PERNIASPOP,NSE,PERNIASPOP
759752,MODIS-EQ,MODIS,NSE,MODIS
766005,GLASSWALL-EQ,GLASSWALL,NSE,GLASSWALL
759842,BETA-EQ,BETA,NSE,BETA
766171,HEROMOTORS-EQ,HEROMOTORS,NSE,HEROMOTORS
759867,CAPILLARY-EQ,CAPILLARY,NSE,CAPILLARY
759876,UTLSOLAR-EQ,UTLSOLAR,NSE,UTLSOLAR
766366,GERMAN-EQ,GERMAN,NSE,GERMAN
766391,RUNWALENTR-EQ,RUNWALENTR,NSE,RUNWALENTR
759885,CHEMICAL-EQ,CHEMICAL,NSE,CHEMICAL
7835,WEL-EQ,WEL,NSE,WEL
7880,AUTOBEES-EQ,AUTOBEES,NSE,AUTOBEES
760101,SKFINDUS-EQ,SKFINDUS,NSE,SKFINDUS
7919,BYKE-EQ,BYKE,NSE,BYKE
7965,MALLCOM-EQ,MALLCOM,NSE,MALLCOM
7979,MAKEINDIA-EQ,MAKEINDIA,NSE,MAKEINDIA
760213,LGEINDIA-EQ,LGEINDIA,NSE,LGEINDIA
8182,MOMOMENTUM-EQ,MOMOMENTUM,NSE,MOMOMENTUM
822,BANKA-EQ,BANKA,NSE,BANKA
760407,ICICIAMC-EQ,ICICIAMC,NSE,ICICIAMC
760412,DIVIDEND-EQ,DIVIDEND,NSE,DIVIDEND
8413,MIDCAPETF-EQ,MIDCAPETF,NSE,MIDCAPETF
8479,TVSMOTOR-EQ,TVSMOTOR,NSE,TVSMOTOR
760433,KSHINTL-EQ,KSHINTL,NSE,KSHINTL
8596,MSUMI-EQ,MSUMI,NSE,MSUMI
760482,TWCGOLDETF-EQ,TWCGOLDETF,NSE,TWCGOLDETF
8840,USHAMART-EQ,USHAMART,NSE,USHAMART
9305,STARTECK-EQ,STARTECK,NSE,STARTECK
760709,NEXT50ETF-EQ,NEXT50ETF,NSE,NEXT50ETF
9385,PNCINFRA-EQ,PNCINFRA,NSE,PNCINFRA
9378,TRU-EQ,TRU,NSE,TRU
9436,AXISCADES-EQ,AXISCADES,NSE,AXISCADES
9539,SAKAR-EQ,SAKAR,NSE,SAKAR
9685,TRIDENT-EQ,TRIDENT,NSE,TRIDENT
760923,KNAGRI-EQ,KNAGRI,NSE,KNAGRI
760981,AYE-EQ,AYE,NSE,AYE
761046,DEFENCE-EQ,DEFENCE,NSE,DEFENCE
9921,ALANKIT-EQ,ALANKIT,NSE,ALANKIT
761095,SBIMIDMOM-EQ,SBIMIDMOM,NSE,SBIMIDMOM
761197,GKSL-EQ,GKSL,NSE,GKSL
762588,BIMETAL-EQ,BIMETAL,NSE,BIMETAL
762608,BNAGROCHEM-EQ,BNAGROCHEM,NSE,BNAGROCHEM
762742,KIRANVYPAR-EQ,KIRANVYPAR,NSE,KIRANVYPAR
762757,KPL-EQ,KPL,NSE,KPL
762762,LAHOTIOV-EQ,LAHOTIOV,NSE,LAHOTIOV
762859,RAJPALAYAM-EQ,RAJPALAYAM,NSE,RAJPALAYAM
762899,SHBAJRG-EQ,SHBAJRG,NSE,SHBAJRG
763294,KISSHT-EQ,KISSHT,NSE,KISSHT
763636,VIVIANA-EQ,VIVIANA,NSE,VIVIANA
763572,PVTBKGROWW-EQ,PVTBKGROWW,NSE,PVTBKGROWW
764116,KUSUMGAR-EQ,KUSUMGAR,NSE,KUSUMGAR
764198,MOMMIDCAP-EQ,MOMMIDCAP,NSE,MOMMIDCAP
764397,MVELECTRO-EQ,MVELECTRO,NSE,MVELECTRO
764578,ALUFLUOR-EQ,ALUFLUOR,NSE,ALUFLUOR
764618,BENARAS-EQ,BENARAS,NSE,BENARAS
764643,CGVAK-EQ,CGVAK,NSE,CGVAK
764773,MAKERSL-EQ,MAKERSL,NSE,MAKERSL
764793,NICCOPAR-EQ,NICCOPAR,NSE,NICCOPAR
764808,ONIXSOLAR-EQ,ONIXSOLAR,NSE,ONIXSOLAR
764823,PACIFICI-EQ,PACIFICI,NSE,PACIFICI
764985,VIJSOLX-EQ,VIJSOLX,NSE,VIJSOLX
764995,VIVOBIOT-EQ,VIVOBIOT,NSE,VIVOBIOT
765025,ASIANTNE-EQ,ASIANTNE,NSE,ASIANTNE
765045,CHEMCRUX-EQ,CHEMCRUX,NSE,CHEMCRUX
765090,KANCOTEA-EQ,KANCOTEA,NSE,KANCOTEA
765150,POLYSPIN-EQ,POLYSPIN,NSE,POLYSPIN
765160,SHIVACEM-EQ,SHIVACEM,NSE,SHIVACEM
765185,SWARNSAR-EQ,SWARNSAR,NSE,SWARNSAR
312,TIINDIA-EQ,TIINDIA,NSE,TIINDIA
31415,NBCC-EQ,NBCC,NSE,NBCC
765431,NIF500BETA-EQ,NIF500BETA,NSE,NIF500BETA
765502,ANNU-EQ,ANNU,NSE,ANNU
765558,PRIORITY-EQ,PRIORITY,NSE,PRIORITY
3237,JTEKTINDIA-EQ,JTEKTINDIA,NSE,JTEKTINDIA
766016,PRASOLCHEM-EQ,PRASOLCHEM,NSE,PRASOLCHEM
338,BALMLAWRIE-EQ,BALMLAWRIE,NSE,BALMLAWRIE
3453,TECILCHEM-EQ,TECILCHEM,NSE,TECILCHEM
766056,KARAMTARA-EQ,KARAMTARA,NSE,KARAMTARA
766097,VEEGALAND-EQ,VEEGALAND,NSE,VEEGALAND
3579,UNICHEMLAB-EQ,UNICHEMLAB,NSE,UNICHEMLAB
3586,MOKSH-EQ,MOKSH,NSE,MOKSH
766227,PARIN-EQ,PARIN,NSE,PARIN
3757,VENKEYS-EQ,VENKEYS,NSE,VENKEYS
3837,TOKYOPLAST-EQ,TOKYOPLAST,NSE,TOKYOPLAST
3980,TNPL-EQ,TNPL,NSE,TNPL
766295,ARMEE-EQ,ARMEE,NSE,ARMEE
40,AEGISLOG-EQ,AEGISLOG,NSE,AEGISLOG
4014,NAVA-EQ,NAVA,NSE,NAVA
4105,SILINV-EQ,SILINV,NSE,SILINV
766382,ACEVECTOR-EQ,ACEVECTOR,NSE,ACEVECTOR
4201,SOMATEX-EQ,SOMATEX,NSE,SOMATEX
4244,HDFCAMC-EQ,HDFCAMC,NSE,HDFCAMC
4491,BOSCH-HCIL-EQ,BOSCH-HCIL,NSE,BOSCH-HCIL
7942,SILVERIETF-EQ,SILVERIETF,NSE,SILVERIETF
805,DCM-EQ,DCM,NSE,DCM
4568,ATLASCYCLE-EQ,ATLASCYCLE,NSE,ATLASCYCLE
8075,DALBHARAT-EQ,DALBHARAT,NSE,DALBHARAT
4684,SONACOMS-EQ,SONACOMS,NSE,SONACOMS
4717,GAIL-EQ,GAIL,NSE,GAIL
8124,AJANTPHARM-EQ,AJANTPHARM,NSE,AJANTPHARM
8132,BLBLIMITED-EQ,BLBLIMITED,NSE,BLBLIMITED
8163,SPENCERS-EQ,SPENCERS,NSE,SPENCERS
8304,PRITI-EQ,PRITI,NSE,PRITI
5020,SVPGLOB-EQ,SVPGLOB,NSE,SVPGLOB
8469,MITCON-EQ,MITCON,NSE,MITCON
5407,CARTRADE-EQ,CARTRADE,NSE,CARTRADE
5507,SERVOTECH-EQ,SERVOTECH,NSE,SERVOTECH
8654,MOLOWVOL-EQ,MOLOWVOL,NSE,MOLOWVOL
5528,KOTHARIPRO-EQ,KOTHARIPRO,NSE,KOTHARIPRO
8736,PNBGILTS-EQ,PNBGILTS,NSE,PNBGILTS
8827,AVROIND-EQ,AVROIND,NSE,AVROIND
8953,ELDEHSG-EQ,ELDEHSG,NSE,ELDEHSG
9039,UFO-EQ,UFO,NSE,UFO
9342,PNC-EQ,PNC,NSE,PNC
9592,VENUSPIPES-EQ,VENUSPIPES,NSE,VENUSPIPES
6141,PANSARI-EQ,PANSARI,NSE,PANSARI
9862,WEWIN-EQ,WEWIN,NSE,WEWIN
9867,NEXTMEDIA-EQ,NEXTMEDIA,NSE,NEXTMEDIA
993,EVERESTIND-EQ,EVERESTIND,NSE,EVERESTIND
6543,GRPLTD-EQ,GRPLTD,NSE,GRPLTD
6711,IVC-EQ,IVC,NSE,IVC
6718,SAPPHIRE-EQ,SAPPHIRE,NSE,SAPPHIRE
7,AARTIIND-EQ,AARTIIND,NSE,AARTIIND
6944,GANECOS-EQ,GANECOS,NSE,GANECOS
7129,ZODIAC-EQ,ZODIAC,NSE,ZODIAC
7211,JETFREIGHT-EQ,JETFREIGHT,NSE,JETFREIGHT
7242,METROBRAND-EQ,METROBRAND,NSE,METROBRAND
7374,STAR-EQ,STAR,NSE,STAR
7506,WOCKPHARMA-EQ,WOCKPHARMA,NSE,WOCKPHARMA
756090,TURTLEMINT-EQ,TURTLEMINT,NSE,TURTLEMINT
756871,ENRIN-EQ,ENRIN,NSE,ENRIN
757645,ATHERENERG-EQ,ATHERENERG,NSE,ATHERENERG
757791,MOGOLD-EQ,MOGOLD,NSE,MOGOLD
757862,EBGNG-EQ,EBGNG,NSE,EBGNG
758115,JSLL-EQ,JSLL,NSE,JSLL
758173,PROSTARM-EQ,PROSTARM,NSE,PROSTARM
758457,MOSILVER-EQ,MOSILVER,NSE,MOSILVER
758551,RAYMONDREL-EQ,RAYMONDREL,NSE,RAYMONDREL
758563,ELLEN-EQ,ELLEN,NSE,ELLEN
758595,INTERNET-EQ,INTERNET,NSE,INTERNET
758973,VIKRAN-EQ,VIKRAN,NSE,VIKRAN
759057,SAATVIKGL-EQ,SAATVIKGL,NSE,SAATVIKGL
759130,ABCOTS-EQ,ABCOTS,NSE,ABCOTS
759291,BLUESTONE-EQ,BLUESTONE,NSE,BLUESTONE
759371,MONIFTY100-EQ,MONIFTY100,NSE,MONIFTY100
759434,WEWORK-EQ,WEWORK,NSE,WEWORK
759477,CANHLIFE-EQ,CANHLIFE,NSE,CANHLIFE
759569,ORKLAINDIA-EQ,ORKLAINDIA,NSE,ORKLAINDIA
759587,STUDDS-EQ,STUDDS,NSE,STUDDS
759769,ADVENTHTL-EQ,ADVENTHTL,NSE,ADVENTHTL
759797,EUROPRATIK-EQ,EUROPRATIK,NSE,EUROPRATIK
759934,STYL-EQ,STYL,NSE,STYL
759969,PAUSHAKLTD-EQ,PAUSHAKLTD,NSE,PAUSHAKLTD
760001,MOSERVICE-EQ,MOSERVICE,NSE,MOSERVICE
760039,SUDEEPPHRM-EQ,SUDEEPPHRM,NSE,SUDEEPPHRM
760247,ABSL10BANK-EQ,ABSL10BANK,NSE,ABSL10BANK
760277,MODINATUR-EQ,MODINATUR,NSE,MODINATUR
760359,SMALLADD-EQ,SMALLADD,NSE,SMALLADD
760415,TOP20-EQ,TOP20,NSE,TOP20
761037,CEINSYS-EQ,CEINSYS,NSE,CEINSYS
761148,VITAL-EQ,VITAL,NSE,VITAL
761386,MARSONS-EQ,MARSONS,NSE,MARSONS
761528,INNOVISION-EQ,INNOVISION,NSE,INNOVISION
761720,NIMBSPROJ-EQ,NIMBSPROJ,NSE,NIMBSPROJ
761916,VOEPL-EQ,VOEPL,NSE,VOEPL
762712,HBESD-EQ,HBESD,NSE,HBESD
762752,KOTIC-EQ,KOTIC,NSE,KOTIC
762797,METROGLOBL-EQ,METROGLOBL,NSE,METROGLOBL
762824,NITTAGELA-EQ,NITTAGELA,NSE,NITTAGELA
762844,PRAVEG-EQ,PRAVEG,NSE,PRAVEG
763530,FMCGADD-EQ,FMCGADD,NSE,FMCGADD
763540,ENEXT50-EQ,ENEXT50,NSE,ENEXT50
764173,SBIFUNDS-EQ,SBIFUNDS,NSE,SBIFUNDS
764480,ARDEE-EQ,ARDEE,NSE,ARDEE
764683,FREDUN-EQ,FREDUN,NSE,FREDUN
764703,HRYNSHP-EQ,HRYNSHP,NSE,HRYNSHP
764743,KJMCFIN-EQ,KJMCFIN,NSE,KJMCFIN
764753,KSE-EQ,KSE,NSE,KSE
764788,MUKESHB-EQ,MUKESHB,NSE,MUKESHB
764925,SUNRAKSHAK-EQ,SUNRAKSHAK,NSE,SUNRAKSHAK
764950,TERAI-EQ,TERAI,NSE,TERAI
765060,DHATRE-EQ,DHATRE,NSE,DHATRE
765105,KDGREEN-EQ,KDGREEN,NSE,KDGREEN
765242,ONEGLOBAL-EQ,ONEGLOBAL,NSE,ONEGLOBAL
765252,VGCL-EQ,VGCL,NSE,VGCL
765313,LARGEMID50-EQ,LARGEMID50,NSE,LARGEMID50
765330,IVZBANKNF-EQ,IVZBANKNF,NSE,IVZBANKNF
765524,LUMINO-EQ,LUMINO,NSE,LUMINO
766065,STEAMHOUSE-EQ,STEAMHOUSE,NSE,STEAMHOUSE
759368,FLEXIADD-EQ,FLEXIADD,NSE,FLEXIADD
759466,ELIQUID-EQ,ELIQUID,NSE,ELIQUID
759522,GROWWSC250-EQ,GROWWSC250,NSE,GROWWSC250
759610,CHOICEGOLD-EQ,CHOICEGOLD,NSE,CHOICEGOLD
759719,GROWWMC150-EQ,GROWWMC150,NSE,GROWWMC150
759780,ENERGY-EQ,ENERGY,NSE,ENERGY
759820,PINELABS-EQ,PINELABS,NSE,PINELABS
759891,MOIPO-EQ,MOIPO,NSE,MOIPO
7603,CMSINFO-EQ,CMSINFO,NSE,CMSINFO
760438,GROWWMETAL-EQ,GROWWMETAL,NSE,GROWWMETAL
760594,BUILDPRO-EQ,BUILDPRO,NSE,BUILDPRO
760599,NEXT50ADD-EQ,NEXT50ADD,NSE,NEXT50ADD
760657,ADVAIT-EQ,ADVAIT,NSE,ADVAIT
760740,AMAGI-EQ,AMAGI,NSE,AMAGI
760961,FRACTAL-EQ,FRACTAL,NSE,FRACTAL
761066,ABSLMSCIN-EQ,ABSLMSCIN,NSE,ABSLMSCIN
761153,SEDEMAC-EQ,SEDEMAC,NSE,SEDEMAC
761420,SINGERIND-EQ,SINGERIND,NSE,SINGERIND
761439,RSL-EQ,RSL,NSE,RSL
761511,VALUE-EQ,VALUE,NSE,VALUE
762346,RMC-EQ,RMC,NSE,RMC
762553,ASTAR-EQ,ASTAR,NSE,ASTAR
762598,BLACKROSE-EQ,BLACKROSE,NSE,BLACKROSE
762737,KANCHI-EQ,KANCHI,NSE,KANCHI
762909,SHRIKRISH-EQ,SHRIKRISH,NSE,SHRIKRISH
762929,TAALTECH-EQ,TAALTECH,NSE,TAALTECH
762961,ULTRAMAR-EQ,ULTRAMAR,NSE,ULTRAMAR
763800,AASTHA-EQ,AASTHA,NSE,AASTHA
23553,AIIL-EQ,AIIL,NSE,AIIL
23804,BSLGOLDETF-EQ,BSLGOLDETF,NSE,BSLGOLDETF
23864,AWFIS-EQ,AWFIS,NSE,AWFIS
764195,PVTBANK-EQ,PVTBANK,NSE,PVTBANK
764312,XTRANET-EQ,XTRANET,NSE,XTRANET
764336,HDFCNIMEG-EQ,HDFCNIMEG,NSE,HDFCNIMEG
764367,ELMDIV-EQ,ELMDIV,NSE,ELMDIV
24067,IXIGO-EQ,IXIGO,NSE,IXIGO
764573,ALFREDHE-EQ,ALFREDHE,NSE,ALFREDHE
764678,ENKEIWHEL-EQ,ENKEIWHEL,NSE,ENKEIWHEL
764733,JYOTIRES-EQ,JYOTIRES,NSE,JYOTIRES
764763,LAKSHMIMIL-EQ,LAKSHMIMIL,NSE,LAKSHMIMIL
764838,PERMAGN-EQ,PERMAGN,NSE,PERMAGN
764865,SAICAPI-EQ,SAICAPI,NSE,SAICAPI
764910,SHRJAGP-EQ,SHRJAGP,NSE,SHRJAGP
2439,NKIND-EQ,NKIND,NSE,NKIND
764955,TGVSL-EQ,TGVSL,NSE,TGVSL
764970,UPHOT-EQ,UPHOT,NSE,UPHOT
765020,ANSALBU-EQ,ANSALBU,NSE,ANSALBU
24403,ASHIANA-EQ,ASHIANA,NSE,ASHIANA
765155,PRISMX-EQ,PRISMX,NSE,PRISMX
24532,FILATEX-EQ,FILATEX,NSE,FILATEX
765175,SUMEDHA-EQ,SUMEDHA,NSE,SUMEDHA
765220,VTMLTD-EQ,VTMLTD,NSE,VTMLTD
765291,BLEL-EQ,BLEL,NSE,BLEL
24715,AKUMS-EQ,AKUMS,NSE,AKUMS
765361,LALITHAA-EQ,LALITHAA,NSE,LALITHAA
24814,FIRSTCRY-EQ,FIRSTCRY,NSE,FIRSTCRY
765480,SKYWAYS-EQ,SKYWAYS,NSE,SKYWAYS
765485,SYMBIOTEC-EQ,SYMBIOTEC,NSE,SYMBIOTEC
765499,ENERGYAXIS-EQ,ENERGYAXIS,NSE,ENERGYAXIS
2493,ORIENTHOT-EQ,ORIENTHOT,NSE,ORIENTHOT
2492,SILGO-EQ,SILGO,NSE,SILGO
24909,INTERARCH-EQ,INTERARCH,NSE,INTERARCH
765936,MOMSBELIEF-EQ,MOMSBELIEF,NSE,MOMSBELIEF
24969,WINDMACHIN-EQ,WINDMACHIN,NSE,WINDMACHIN
766021,KANOHAR-EQ,KANOHAR,NSE,KANOHAR
24999,IBULLSLTD-EQ,IBULLSLTD,NSE,IBULLSLTD
25082,TREEHOUSE-EQ,TREEHOUSE,NSE,TREEHOUSE
766278,ELEVATE-EQ,ELEVATE,NSE,ELEVATE
25262,TOLINS-EQ,TOLINS,NSE,TOLINS
2535,PGHH-EQ,PGHH,NSE,PGHH
25328,APLLTD-EQ,APLLTD,NSE,APLLTD
25851,VAL30IETF-EQ,VAL30IETF,NSE,VAL30IETF
7780,BCONCEPTS-EQ,BCONCEPTS,NSE,BCONCEPTS
2598,AMJLAND-EQ,AMJLAND,NSE,AMJLAND
8080,SILVERBEES-EQ,SILVERBEES,NSE,SILVERBEES
811,DCMSHRIRAM-EQ,DCMSHRIRAM,NSE,DCMSHRIRAM
827,DEEPAKFERT-EQ,DEEPAKFERT,NSE,DEEPAKFERT
2645,DRCSYSTEMS-EQ,DRCSYSTEMS,NSE,DRCSYSTEMS
2658,PHOENXINTL-EQ,PHOENXINTL,NSE,PHOENXINTL
2664,PIDILITIND-EQ,PIDILITIND,NSE,PIDILITIND
8146,DEVIT-EQ,DEVIT,NSE,DEVIT
270,CHEMCON-EQ,CHEMCON,NSE,CHEMCON
27095,SWANCORP-EQ,SWANCORP,NSE,SWANCORP
27171,RACLGEAR-EQ,RACLGEAR,NSE,RACLGEAR
8652,VETO-EQ,VETO,NSE,VETO
881,DRREDDY-EQ,DRREDDY,NSE,DRREDDY
8797,OBCL-EQ,OBCL,NSE,OBCL
8825,PRIVISCL-EQ,PRIVISCL,NSE,PRIVISCL
2799,CHEMFAB-EQ,CHEMFAB,NSE,CHEMFAB
9087,PIXTRANS-EQ,PIXTRANS,NSE,PIXTRANS
9117,TIPSMUSIC-EQ,TIPSMUSIC,NSE,TIPSMUSIC
9253,NILAINFRA-EQ,NILAINFRA,NSE,NILAINFRA
9260,ARROWGREEN-EQ,ARROWGREEN,NSE,ARROWGREEN
9428,SKIPPER-EQ,SKIPPER,NSE,SKIPPER
9553,PRUDENT-EQ,PRUDENT,NSE,PRUDENT
9576,MAHESHWARI-EQ,MAHESHWARI,NSE,MAHESHWARI
28859,PROZONER-EQ,PROZONER,NSE,PROZONER
967,SUBEXLTD-EQ,SUBEXLTD,NSE,SUBEXLTD
9683,KPITTECH-EQ,KPITTECH,NSE,KPITTECH
29019,ECAPINSURE-EQ,ECAPINSURE,NSE,ECAPINSURE
9819,HAVELLS-EQ,HAVELLS,NSE,HAVELLS
999,EUROTEXIND-EQ,EUROTEXIND,NSE,EUROTEXIND
9939,ONEPOINT-EQ,ONEPOINT,NSE,ONEPOINT
29050,ZUARI-EQ,ZUARI,NSE,ZUARI
29075,SETL-EQ,SETL,NSE,SETL
29113,CARERATING-EQ,CARERATING,NSE,CARERATING
29284,VMART-EQ,VMART,NSE,VMART
29439,SUPREME-EQ,SUPREME,NSE,SUPREME
2951,S&SPOWER-EQ,S&SPOWER,NSE,S&SPOWER
2972,ORIENTELEC-EQ,ORIENTELEC,NSE,ORIENTELEC
29687,UNIONGOLD-EQ,UNIONGOLD,NSE,UNIONGOLD
2998,SUVIDHAA-EQ,SUVIDHAA,NSE,SUVIDHAA
30065,MOCAPITAL-EQ,MOCAPITAL,NSE,MOCAPITAL
30108,ABFRL-EQ,ABFRL,NSE,ABFRL
30134,PRABHA-EQ,PRABHA,NSE,PRABHA
31138,COMPUSOFT-EQ,COMPUSOFT,NSE,COMPUSOFT
3162,SIMPLEXINF-EQ,SIMPLEXINF,NSE,SIMPLEXINF
317,BAJFINANCE-EQ,BAJFINANCE,NSE,BAJFINANCE
3172,GILT5YBEES-EQ,GILT5YBEES,NSE,GILT5YBEES
3220,LODHA-EQ,LODHA,NSE,LODHA
3252,SPIC-EQ,SPIC,NSE,SPIC
3329,ISGEC-EQ,ISGEC,NSE,ISGEC
3351,SUNPHARMA-EQ,SUNPHARMA,NSE,SUNPHARMA
347,BANARBEADS-EQ,BANARBEADS,NSE,BANARBEADS
3496,TIRUMALCHM-EQ,TIRUMALCHM,NSE,TIRUMALCHM
3499,TATASTEEL-EQ,TATASTEEL,NSE,TATASTEEL
357,NAM-INDIA-EQ,NAM-INDIA,NSE,NAM-INDIA
3676,VESUVIUS-EQ,VESUVIUS,NSE,VESUVIUS
371,BATAINDIA-EQ,BATAINDIA,NSE,BATAINDIA
3748,WEIZMANIND-EQ,WEIZMANIND,NSE,WEIZMANIND
3787,WIPRO-EQ,WIPRO,NSE,WIPRO
3965,REMSONSIND-EQ,REMSONSIND,NSE,REMSONSIND
4127,SAMBHAAV-EQ,SAMBHAAV,NSE,SAMBHAAV
4471,ELPROINTL-EQ,ELPROINTL,NSE,ELPROINTL
4481,AARTIDRUGS-EQ,AARTIDRUGS,NSE,AARTIDRUGS
474,3MINDIA-EQ,3MINDIA,NSE,3MINDIA
480,BIRLACORPN-EQ,BIRLACORPN,NSE,BIRLACORPN
4838,LIQUIDIETF-EQ,LIQUIDIETF,NSE,LIQUIDIETF
5054,GRINFRA-EQ,GRINFRA,NSE,GRINFRA
5258,INDUSINDBK-EQ,INDUSINDBK,NSE,INDUSINDBK
5265,ALIVUS-EQ,ALIVUS,NSE,ALIVUS
530,BPL-EQ,BPL,NSE,BPL
547,BRITANNIA-EQ,BRITANNIA,NSE,BRITANNIA
5578,ACUTAAS-EQ,ACUTAAS,NSE,ACUTAAS
5748,CYIENT-EQ,CYIENT,NSE,CYIENT
5688,ARCHIES-EQ,ARCHIES,NSE,ARCHIES
5900,AXISBANK-EQ,AXISBANK,NSE,AXISBANK
5926,INTELLECT-EQ,INTELLECT,NSE,INTELLECT
6286,GULPOLY-EQ,GULPOLY,NSE,GULPOLY
6364,NATIONALUM-EQ,NATIONALUM,NSE,NATIONALUM
6422,MANORG-EQ,MANORG,NSE,MANORG
6446,CONSUMIETF-EQ,CONSUMIETF,NSE,CONSUMIETF
7862,GVPIL-EQ,GVPIL,NSE,GVPIL
6600,GENUSPAPER-EQ,GENUSPAPER,NSE,GENUSPAPER
6606,EQUAL50ADD-EQ,EQUAL50ADD,NSE,EQUAL50ADD
7936,AVANTIFEED-EQ,AVANTIFEED,NSE,AVANTIFEED
6803,STEELCAS-EQ,STEELCAS,NSE,STEELCAS
6843,SMLT-EQ,SMLT,NSE,SMLT
817,DCW-EQ,DCW,NSE,DCW
6943,TARSONS-EQ,TARSONS,NSE,TARSONS
8153,MEGASTAR-EQ,MEGASTAR,NSE,MEGASTAR
8175,SAGARDEEP-EQ,SAGARDEEP,NSE,SAGARDEEP
7196,BBETF0432-EQ,BBETF0432,NSE,BBETF0432
7218,SBIETFQLTY-EQ,SBIETFQLTY,NSE,SBIETFQLTY
8529,GMRP&UI-EQ,GMRP&UI,NSE,GMRP&UI
8585,NLCINDIA-EQ,NLCINDIA,NSE,NLCINDIA
7420,MANAKALUCO-EQ,MANAKALUCO,NSE,MANAKALUCO
7425,HECPROJECT-EQ,HECPROJECT,NSE,HECPROJECT
8828,GAEL-EQ,GAEL,NSE,GAEL
8833,BCG-EQ,BCG,NSE,BCG
8998,UMIYA-MRO-EQ,UMIYA-MRO,NSE,UMIYA-MRO
9049,ROTO-EQ,ROTO,NSE,ROTO
9168,SNXT50BETA-EQ,SNXT50BETA,NSE,SNXT50BETA
9219,TPLPLASTEH-EQ,TPLPLASTEH,NSE,TPLPLASTEH
755881,EVIETF-EQ,EVIETF,NSE,EVIETF
9288,KRITIKA-EQ,KRITIKA,NSE,KRITIKA
9356,MSTCLTD-EQ,MSTCLTD,NSE,MSTCLTD
9552,RVNL-EQ,RVNL,NSE,RVNL
9667,MEDICO-EQ,MEDICO,NSE,MEDICO
9741,PARADEEP-EQ,PARADEEP,NSE,PARADEEP
9756,EMUDHRA-EQ,EMUDHRA,NSE,EMUDHRA
756802,OSWALPUMPS-EQ,OSWALPUMPS,NSE,OSWALPUMPS
757142,EQUAL50-EQ,EQUAL50,NSE,EQUAL50
757515,DIGITIDE-EQ,DIGITIDE,NSE,DIGITIDE
757545,TRAVELFOOD-EQ,TRAVELFOOD,NSE,TRAVELFOOD
757781,TOP15IETF-EQ,TOP15IETF,NSE,TOP15IETF
757946,QUALITY30-EQ,QUALITY30,NSE,QUALITY30
758150,MBEL-EQ,MBEL,NSE,MBEL
758460,JSWCEMENT-EQ,JSWCEMENT,NSE,JSWCEMENT
758863,LAXMIINDIA-EQ,LAXMIINDIA,NSE,LAXMIINDIA
759244,JAINREC-EQ,JAINREC,NSE,JAINREC
759302,NIFTYCASE-EQ,NIFTYCASE,NSE,NIFTYCASE
759439,PATELRMART-EQ,PATELRMART,NSE,PATELRMART
759517,MIDWESTLTD-EQ,MIDWESTLTD,NSE,MIDWESTLTD
759551,PIRAMALFIN-EQ,PIRAMALFIN,NSE,PIRAMALFIN
759605,LENSKART-EQ,LENSKART,NSE,LENSKART
759782,TMCV-EQ,TMCV,NSE,TMCV
760,CGPOWER-EQ,CGPOWER,NSE,CGPOWER
759978,MSCIADD-EQ,MSCIADD,NSE,MSCIADD
759995,ESENSEX-EQ,ESENSEX,NSE,ESENSEX
760183,CLEANMAX-EQ,CLEANMAX,NSE,CLEANMAX
760193,AONESILVER-EQ,AONESILVER,NSE,AONESILVER
760300,LEMERITE-EQ,LEMERITE,NSE,LEMERITE
760325,GOLDBND-EQ,GOLDBND,NSE,GOLDBND
761099,INA-EQ,INA,NSE,INA
761675,SAIPARENT-EQ,SAIPARENT,NSE,SAIPARENT
762523,ABANSENT-EQ,ABANSENT,NSE,ABANSENT
762603,BLIL-EQ,BLIL,NSE,BLIL
762628,COMFINTE-EQ,COMFINTE,NSE,COMFINTE
762675,FEDDERSHOL-EQ,FEDDERSHOL,NSE,FEDDERSHOL
762685,FRONTSP-EQ,FRONTSP,NSE,FRONTSP
762727,IWP-EQ,IWP,NSE,IWP
762732,KAMAHOLD-EQ,KAMAHOLD,NSE,KAMAHOLD
762772,MAFATIND-EQ,MAFATIND,NSE,MAFATIND
762914,SIKA-EQ,SIKA,NSE,SIKA
762971,WELSPLSOL-EQ,WELSPLSOL,NSE,WELSPLSOL
764180,LIQUIDBETA-EQ,LIQUIDBETA,NSE,LIQUIDBETA
764285,CEMNTGROWW-EQ,CEMNTGROWW,NSE,CEMNTGROWW
764333,HYBRIDETF-EQ,HYBRIDETF,NSE,HYBRIDETF
764357,MANIPALHOS-EQ,MANIPALHOS,NSE,MANIPALHOS
764532,TECHNOCRAF-EQ,TECHNOCRAF,NSE,TECHNOCRAF
764648,COMPEAU-EQ,COMPEAU,NSE,COMPEAU
764653,CRAVATEX-EQ,CRAVATEX,NSE,CRAVATEX
764663,ECORECO-EQ,ECORECO,NSE,ECORECO
764688,GKB-EQ,GKB,NSE,GKB
764723,ITL-EQ,ITL,NSE,ITL
764748,KMCSHIL-EQ,KMCSHIL,NSE,KMCSHIL
764768,LOTUSCHO-EQ,LOTUSCHO,NSE,LOTUSCHO
764803,ODYCORP-EQ,ODYCORP,NSE,ODYCORP
764885,SGRL-EQ,SGRL,NSE,SGRL
764895,SHILGRAVQ-EQ,SHILGRAVQ,NSE,SHILGRAVQ
765015,ADVIKCA-EQ,ADVIKCA,NSE,ADVIKCA
765040,BLUECLOUDS-EQ,BLUECLOUDS,NSE,BLUECLOUDS
765075,HAMPTON-EQ,HAMPTON,NSE,HAMPTON
765125,MLKFOOD-EQ,MLKFOOD,NSE,MLKFOOD
765237,ASSAMENT-EQ,ASSAMENT,NSE,ASSAMENT
766051,MPIMANIPAL-EQ,MPIMANIPAL,NSE,MPIMANIPAL
766104,SECLEDBETA-EQ,SECLEDBETA,NSE,SECLEDBETA
7848,BIL-EQ,BIL,NSE,BIL
809,BSHSL-EQ,BSHSL,NSE,BSHSL
8110,AWL-EQ,AWL,NSE,AWL
8342,GSEC5IETF-EQ,GSEC5IETF,NSE,GSEC5IETF
8477,XELPMOC-EQ,XELPMOC,NSE,XELPMOC
8506,MID150BEES-EQ,MID150BEES,NSE,MID150BEES
8727,SHAILY-EQ,SHAILY,NSE,SHAILY
8962,HARDWYN-EQ,HARDWYN,NSE,HARDWYN
910,EICHERMOT-EQ,EICHERMOT,NSE,EICHERMOT
9355,QUINTEGRA-EQ,QUINTEGRA,NSE,QUINTEGRA
9617,SPLPETRO-EQ,SPLPETRO,NSE,SPLPETRO
9558,AKSHAR-EQ,AKSHAR,NSE,AKSHAR
9678,SOUTHWEST-EQ,SOUTHWEST,NSE,SOUTHWEST
9750,ETHOSLTD-EQ,ETHOSLTD,NSE,ETHOSLTD
9810,AETHER-EQ,AETHER,NSE,AETHER
9847,NV20BEES-EQ,NV20BEES,NSE,NV20BEES
9917,NEOGEN-EQ,NEOGEN,NSE,NEOGEN
2385,NAVNETEDUL-EQ,NAVNETEDUL,NSE,NAVNETEDUL
23915,LIQUIDBETF-EQ,LIQUIDBETF,NSE,LIQUIDBETF
24159,AFIL-EQ,AFIL,NSE,AFIL
2435,CONSUMBEES-EQ,CONSUMBEES,NSE,CONSUMBEES
24366,SBISILVER-EQ,SBISILVER,NSE,SBISILVER
24398,EMCURE-EQ,EMCURE,NSE,EMCURE
24610,AVANTEL-EQ,AVANTEL,NSE,AVANTEL
2463,MIDHANI-EQ,MIDHANI,NSE,MIDHANI
24742,CEIGALL-EQ,CEIGALL,NSE,CEIGALL
24777,OLAELEC-EQ,OLAELEC,NSE,OLAELEC
24809,UNIECOM-EQ,UNIECOM,NSE,UNIECOM
24856,SSDL-EQ,SSDL,NSE,SSDL
24937,MFML-EQ,MFML,NSE,MFML
25114,STYLEBAAZA-EQ,STYLEBAAZA,NSE,STYLEBAAZA
25222,SANOFICONR-EQ,SANOFICONR,NSE,SANOFICONR
25403,WCIL-EQ,WCIL,NSE,WCIL
25872,GROWWGOLD-EQ,GROWWGOLD,NSE,GROWWGOLD
25897,MINDACORP-EQ,MINDACORP,NSE,MINDACORP
2606,LEMONTREE-EQ,LEMONTREE,NSE,LEMONTREE
2610,PEARLPOLY-EQ,PEARLPOLY,NSE,PEARLPOLY
2616,SEAMECLTD-EQ,SEAMECLTD,NSE,SEAMECLTD
2627,IT-EQ,IT,NSE,IT
27176,NTPCGREEN-EQ,NTPCGREEN,NSE,NTPCGREEN
27297,RTNINDIA-EQ,RTNINDIA,NSE,RTNINDIA
28125,IKS-EQ,IKS,NSE,IKS
2885,RELIANCE-EQ,RELIANCE,NSE,RELIANCE
2912,RIIL-EQ,RIIL,NSE,RIIL
29098,DDEVPLSTIK-EQ,DDEVPLSTIK,NSE,DDEVPLSTIK
29124,PCJEWELLER-EQ,PCJEWELLER,NSE,PCJEWELLER
29146,NAVKARURB-EQ,NAVKARURB,NSE,NAVKARURB
29464,NEXT30ADD-EQ,NEXT30ADD,NSE,NEXT30ADD
19269,BLISSGVS-BE,BLISSGVS,NSE,BLISSGVS
8220,MYSORPETRO-BE,MYSORPETRO,NSE,MYSORPETRO
8400,CALSOFT-BE,CALSOFT,NSE,CALSOFT
8595,AKSHOPTFBR-BE,AKSHOPTFBR,NSE,AKSHOPTFBR
8619,TRANSWORLD-BE,TRANSWORLD,NSE,TRANSWORLD
8644,ADROITINFO-BE,ADROITINFO,NSE,ADROITINFO
10318,PKTEA-BE,PKTEA,NSE,PKTEA
10347,RADHIKAJWE-BE,RADHIKAJWE,NSE,RADHIKAJWE
10412,KSHITIJPOL-BE,KSHITIJPOL,NSE,KSHITIJPOL
9397,BHARATGEAR-BE,BHARATGEAR,NSE,BHARATGEAR
13229,GVKPIL-BE,GVKPIL,NSE,GVKPIL
7248,LYKALABS-BE,LYKALABS,NSE,LYKALABS
13622,BILVYAPAR-BE,BILVYAPAR,NSE,BILVYAPAR
13846,CLCIND-BE,CLCIND,NSE,CLCIND
15193,BGRENERGY-BE,BGRENERGY,NSE,BGRENERGY
16963,ALKALI-BE,ALKALI,NSE,ALKALI
17000,TPHQ-BE,TPHQ,NSE,TPHQ
17164,AARTECH-BE,AARTECH,NSE,AARTECH
17518,SETCO-BE,SETCO,NSE,SETCO
17695,VIJIFIN-BE,VIJIFIN,NSE,VIJIFIN
17735,BAFNAPH-BE,BAFNAPH,NSE,BAFNAPH
18844,NIRAJISPAT-BE,NIRAJISPAT,NSE,NIRAJISPAT
19370,AHLWEST-BE,AHLWEST,NSE,AHLWEST
11033,AGASTYAEN-BE,AGASTYAEN,NSE,AGASTYAEN
14895,AKI-BE,AKI,NSE,AKI
15346,SHALPAINTS-BE,SHALPAINTS,NSE,SHALPAINTS
15349,SADHNANIQ-BE,SADHNANIQ,NSE,SADHNANIQ
1553,RKEC-BE,RKEC,NSE,RKEC
16355,PANACHE-BE,PANACHE,NSE,PANACHE
16723,ALMONDZ-BE,ALMONDZ,NSE,ALMONDZ
17661,UNIVPHOTO-BE,UNIVPHOTO,NSE,UNIVPHOTO
18483,ISFT-BE,ISFT,NSE,ISFT
19215,HMVL-BE,HMVL,NSE,HMVL
19263,AARTISURF-BE,AARTISURF,NSE,AARTISURF
10866,GVPTECH-BE,GVPTECH,NSE,GVPTECH
18870,MAZDA-BE,MAZDA,NSE,MAZDA
23030,LANCORHOL-BE,LANCORHOL,NSE,LANCORHOL
11648,KOTARISUG-BE,KOTARISUG,NSE,KOTARISUG
11845,CYBERMEDIA-BE,CYBERMEDIA,NSE,CYBERMEDIA
12081,SCPL-BE,SCPL,NSE,SCPL
11732,CONSOFINVT-BE,CONSOFINVT,NSE,CONSOFINVT
15140,KAUSHALYA-BE,KAUSHALYA,NSE,KAUSHALYA
15248,KAVDEFENCE-BE,KAVDEFENCE,NSE,KAVDEFENCE
10366,UNIVAFOODS-BE,UNIVAFOODS,NSE,UNIVAFOODS
10836,SEYAIND-BE,SEYAIND,NSE,SEYAIND
10282,KAYA-BE,KAYA,NSE,KAYA
10084,EMAMIPAP-BE,EMAMIPAP,NSE,EMAMIPAP
10304,RAMASTEEL-BE,RAMASTEEL,NSE,RAMASTEEL
27111,SPECIALITY-BE,SPECIALITY,NSE,SPECIALITY
11584,GULFPETRO-BE,GULFPETRO,NSE,GULFPETRO
11859,SHAHALLOYS-BE,SHAHALLOYS,NSE,SHAHALLOYS
13687,MBECL-BE,MBECL,NSE,MBECL
14222,CTE-BE,CTE,NSE,CTE
13188,RCOM-BE,RCOM,NSE,RCOM
13795,PARSVNATH-BE,PARSVNATH,NSE,PARSVNATH
13856,VENUSREM-BE,VENUSREM,NSE,VENUSREM
17081,URAVIDEF-BE,URAVIDEF,NSE,URAVIDEF
14797,SIGMAADV-BE,SIGMAADV,NSE,SIGMAADV
15282,ONMOBILE-BE,ONMOBILE,NSE,ONMOBILE
16989,COUNCODOS-BE,COUNCODOS,NSE,COUNCODOS
20194,AKSHARCHEM-BE,AKSHARCHEM,NSE,AKSHARCHEM
19108,ROLLT-BE,ROLLT,NSE,ROLLT
29205,STALLION-BE,STALLION,NSE,STALLION
21954,HFCL-BE,HFCL,NSE,HFCL
22981,MUKKA-BE,MUKKA,NSE,MUKKA
20893,RBZJEWEL-BE,RBZJEWEL,NSE,RBZJEWEL
2353,NURECA-BE,NURECA,NSE,NURECA
21723,LASA-BE,LASA,NSE,LASA
25516,FLEXITUFF-BE,FLEXITUFF,NSE,FLEXITUFF
11079,GFSTEELS-BE,GFSTEELS,NSE,GFSTEELS
2715,MTARTECH-BE,MTARTECH,NSE,MTARTECH
17629,MOLDTECH-BE,MOLDTECH,NSE,MOLDTECH
765073,EBIX-BE,EBIX,NSE,EBIX
8857,IVP-BE,IVP,NSE,IVP
766270,GSPLTRANS-BE,GSPLTRANS,NSE,GSPLTRANS
3325,MODISONLTD-BE,MODISONLTD,NSE,MODISONLTD
19099,CRESTO-BE,CRESTO,NSE,CRESTO
22284,TIRUPATIFL-BE,TIRUPATIFL,NSE,TIRUPATIFL
25021,BODALCHEM-BE,BODALCHEM,NSE,BODALCHEM
25486,TIJARIA-BE,TIJARIA,NSE,TIJARIA
25920,OCCLLTD-BE,OCCLLTD,NSE,OCCLLTD
27,GATECHDVR-BE,GATECHDVR,NSE,GATECHDVR
7669,TRANSPEK-BE,TRANSPEK,NSE,TRANSPEK
13680,NRL-BE,NRL,NSE,NRL
761021,GICL-BE,GICL,NSE,GICL
14601,ALPHAGEO-BE,ALPHAGEO,NSE,ALPHAGEO
14671,KMSUGAR-BE,KMSUGAR,NSE,KMSUGAR
15160,KALYANIFRG-BE,KALYANIFRG,NSE,KALYANIFRG
17569,DAMODARIND-BE,DAMODARIND,NSE,DAMODARIND
18018,GATECH-BE,GATECH,NSE,GATECH
18979,UNIVASTU-BE,UNIVASTU,NSE,UNIVASTU
19220,VALIANTLAB-BE,VALIANTLAB,NSE,VALIANTLAB
19451,CAPTRUST-BE,CAPTRUST,NSE,CAPTRUST
19503,TICL-BE,TICL,NSE,TICL
19653,KALYANI-BE,KALYANI,NSE,KALYANI
9893,SMARTLINK-BE,SMARTLINK,NSE,SMARTLINK
19884,ESAFSFB-BE,ESAFSFB,NSE,ESAFSFB
762596,BIRLAPREC-BE,BIRLAPREC,NSE,BIRLAPREC
762832,PIONRINV-BE,PIONRINV,NSE,PIONRINV
765118,MINALIND-BE,MINALIND,NSE,MINALIND
766187,JSIPL-BE,JSIPL,NSE,JSIPL
766203,SONA-BE,SONA,NSE,SONA
8150,VISAKAIND-BE,VISAKAIND,NSE,VISAKAIND
30457,SPECTRUM-BE,SPECTRUM,NSE,SPECTRUM
31413,MTEDUCARE-BE,MTEDUCARE,NSE,MTEDUCARE
11968,VIVIMEDLAB-BE,VIVIMEDLAB,NSE,VIVIMEDLAB
13575,MANUGRAPH-BE,MANUGRAPH,NSE,MANUGRAPH
24147,RETAIL-BE,RETAIL,NSE,RETAIL
4924,HINDCON-BE,HINDCON,NSE,HINDCON
14407,RAJTV-BE,RAJTV,NSE,RAJTV
14402,AMDIND-BE,AMDIND,NSE,AMDIND
6042,EIFFL-BE,EIFFL,NSE,EIFFL
6239,DTIL-BE,DTIL,NSE,DTIL
6274,SELMC-BE,SELMC,NSE,SELMC
15198,BURNPUR-BE,BURNPUR,NSE,BURNPUR
15423,DPSCLTD-BE,DPSCLTD,NSE,DPSCLTD
15165,HITECHCORP-BE,HITECHCORP,NSE,HITECHCORP
750116,HEXAGON-BE,HEXAGON,NSE,HEXAGON
7537,LCCINFOTEC-BE,LCCINFOTEC,NSE,LCCINFOTEC
15208,ARIES-BE,ARIES,NSE,ARIES
15213,PPAP-BE,PPAP,NSE,PPAP
17531,MAHASTEEL-BE,MAHASTEEL,NSE,MAHASTEEL
18508,TVVISION-BE,TVVISION,NSE,TVVISION
758984,RNBDENIMS-BE,RNBDENIMS,NSE,RNBDENIMS
18211,ORIENTLTD-BE,ORIENTLTD,NSE,ORIENTLTD
18545,DIACABS-BE,DIACABS,NSE,DIACABS
19440,SICALLOG-BE,SICALLOG,NSE,SICALLOG
24026,KRONOX-BE,KRONOX,NSE,KRONOX
5551,ABMINTLLTD-BE,ABMINTLLTD,NSE,ABMINTLLTD
19582,UGARSUGAR-BE,UGARSUGAR,NSE,UGARSUGAR
19804,WELINV-BE,WELINV,NSE,WELINV
762621,BTTL-BE,BTTL,NSE,BTTL
762887,SCANSTL-BE,SCANSTL,NSE,SCANSTL
22425,TOTAL-BE,TOTAL,NSE,TOTAL
765218,VIRTUALG-BE,VIRTUALG,NSE,VIRTUALG
766301,SWASTIKAIN-BE,SWASTIKAIN,NSE,SWASTIKAIN
9802,TIL-BE,TIL,NSE,TIL
6136,DIGJAMLMTD-BE,DIGJAMLMTD,NSE,DIGJAMLMTD
6248,PREMIER-BE,PREMIER,NSE,PREMIER
7739,UCAL-BE,UCAL,NSE,UCAL
762703,GRAVISSHO-BE,GRAVISSHO,NSE,GRAVISSHO
7759,ABAN-BE,ABAN,NSE,ABAN
765274,MILKYMIST-BE,MILKYMIST,NSE,MILKYMIST
9027,VCL-BE,VCL,NSE,VCL
29164,SWANDEF-BE,SWANDEF,NSE,SWANDEF
3732,ANMOL-BE,ANMOL,NSE,ANMOL
766164,CENTEXT-RE-BE,CENTEXT-RE,NSE,CENTEXT-RE
764761,LADDERUP-BE,LADDERUP,NSE,LADDERUP
8845,UMAEXPORTS-BE,UMAEXPORTS,NSE,UMAEXPORTS
764858,RTSPOWR-BE,RTSPOWR,NSE,RTSPOWR
762725,INVPRECQ-BE,INVPRECQ,NSE,INVPRECQ
9610,ICDSLTD-BE,ICDSLTD,NSE,ICDSLTD
765058,DEEP-BE,DEEP,NSE,DEEP
6281,MEDICAMEQ-BE,MEDICAMEQ,NSE,MEDICAMEQ
757836,RMDRIP-BE,RMDRIP,NSE,RMDRIP
762780,MAJESAUT-BE,MAJESAUT,NSE,MAJESAUT
9769,EASTSILK-BE,EASTSILK,NSE,EASTSILK
8650,BLUECHIP-BE,BLUECHIP,NSE,BLUECHIP
4791,RELINFRA-BE,RELINFRA,NSE,RELINFRA
762546,AMBALALSA-BE,AMBALALSA,NSE,AMBALALSA
762536,ACSTECH-BE,ACSTECH,NSE,ACSTECH
8772,DSKULKARNI-BE,DSKULKARNI,NSE,DSKULKARNI
762636,DAICHI-BE,DAICHI,NSE,DAICHI
8817,SONAMLTD-BE,SONAMLTD,NSE,SONAMLTD
27041,TBZ-BE,TBZ,NSE,TBZ
8568,HITECHGEAR-BE,HITECHGEAR,NSE,HITECHGEAR
8940,E2E-BE,E2E,NSE,E2E
762551,ASHIKAG-BE,ASHIKAG,NSE,ASHIKAG
762790,MENNPIS-BE,MENNPIS,NSE,MENNPIS
762872,RSDFIN-BE,RSDFIN,NSE,RSDFIN
766140,MANIKA-BE,MANIKA,NSE,MANIKA
762937,TAMBOLIIN-BE,TAMBOLIIN,NSE,TAMBOLIIN
762616,BNALTD-BE,BNALTD,NSE,BNALTD
8931,SUPERSPIN-BE,SUPERSPIN,NSE,SUPERSPIN
6915,RPPL-BE,RPPL,NSE,RPPL
433,KHADIM-BE,KHADIM,NSE,KHADIM
766274,ADROITIND-BE,ADROITIND,NSE,ADROITIND
9313,STLTECH-BE,STLTECH,NSE,STLTECH
764596,APOORVA-BE,APOORVA,NSE,APOORVA
764496,SWARAJ-BE,SWARAJ,NSE,SWARAJ
760893,DSFCL-BE,DSFCL,NSE,DSFCL
764661,DHABRIYA-BE,DHABRIYA,NSE,DHABRIYA
30191,CURAA-BE,CURAA,NSE,CURAA
9805,KANORICHEM-BE,KANORICHEM,NSE,KANORICHEM
9884,TNTELE-BE,TNTELE,NSE,TNTELE
758910,AMANTA-BE,AMANTA,NSE,AMANTA
31841,SREEL-BE,SREEL,NSE,SREEL
758147,LOTUSDEV-BE,LOTUSDEV,NSE,LOTUSDEV
761824,AARNAV-BE,AARNAV,NSE,AARNAV
9878,GOLDTECH-BE,GOLDTECH,NSE,GOLDTECH
15275,CORDSCABLE-BE,CORDSCABLE,NSE,CORDSCABLE
30554,NEUEON-BE,NEUEON,NSE,NEUEON
765113,MEDICAPQ-BE,MEDICAPQ,NSE,MEDICAPQ
765168,SRIKPRIND-BE,SRIKPRIND,NSE,SRIKPRIND
6226,SIKKO-BE,SIKKO,NSE,SIKKO
8849,KCPSUGIND-BE,KCPSUGIND,NSE,KCPSUGIND
762857,QUINT-BE,QUINT,NSE,QUINT
8109,OILCOUNTUB-BE,OILCOUNTUB,NSE,OILCOUNTUB
3553,EQUIPPP-BE,EQUIPPP,NSE,EQUIPPP
762897,SHARDUL-BE,SHARDUL,NSE,SHARDUL
8428,RAJRILTD-BE,RAJRILTD,NSE,RAJRILTD
7482,MANAKSTEEL-BE,MANAKSTEEL,NSE,MANAKSTEEL
4517,SIGIND-BE,SIGIND,NSE,SIGIND
8784,KABRAEXTRU-BE,KABRAEXTRU,NSE,KABRAEXTRU
5637,PAR-BE,PAR,NSE,PAR
7165,MICEL-BE,MICEL,NSE,MICEL
9294,GINNIFILA-BE,GINNIFILA,NSE,GINNIFILA
24395,DELPHIFX-BE,DELPHIFX,NSE,DELPHIFX
23386,VHLTD-BE,VHLTD,NSE,VHLTD
757991,CHEMBONDCH-BE,CHEMBONDCH,NSE,CHEMBONDCH
764938,SUPTANERY-BE,SUPTANERY,NSE,SUPTANERY
5617,GANESHBE-BE,GANESHBE,NSE,GANESHBE
751653,QMSMEDI-BE,QMSMEDI,NSE,QMSMEDI
762969,VELJAN-BE,VELJAN,NSE,VELJAN
763301,GRADIENTE-BE,GRADIENTE,NSE,GRADIENTE
29588,NATCAPSUQ-BE,NATCAPSUQ,NSE,NATCAPSUQ
762586,BI-BE,BI,NSE,BI
6240,3IINFOLTD-BE,3IINFOLTD,NSE,3IINFOLTD
759358,SYSTMTXC-BE,SYSTMTXC,NSE,SYSTMTXC
764923,SPELS-BE,SPELS,NSE,SPELS
27016,ABINFRA-BE,ABINFRA,NSE,ABINFRA
764641,CFEL-BE,CFEL,NSE,CFEL
764671,EKI-BE,EKI,NSE,EKI
759384,MONEYBOXX-BE,MONEYBOXX,NSE,MONEYBOXX
7889,MHLXMIRU-BE,MHLXMIRU,NSE,MHLXMIRU
765193,SWISSMLTRY-BE,SWISSMLTRY,NSE,SWISSMLTRY
25092,ASAHISONG-BE,ASAHISONG,NSE,ASAHISONG
765098,LEENEE-BE,LEENEE,NSE,LEENEE
9881,CUBEXTUB-BE,CUBEXTUB,NSE,CUBEXTUB
3133,UFBL-BE,UFBL,NSE,UFBL
25496,ONELIFECAP-BE,ONELIFECAP,NSE,ONELIFECAP
25629,UYFINCORP-BE,UYFINCORP,NSE,UYFINCORP
765138,MPDL-BE,MPDL,NSE,MPDL
21099,SHEKHAWATI-BE,SHEKHAWATI,NSE,SHEKHAWATI
31111,DBSTOCKBRO-BE,DBSTOCKBRO,NSE,DBSTOCKBRO
8437,VIPULLTD-BE,VIPULLTD,NSE,VIPULLTD
759989,KSR-BE,KSR,NSE,KSR
13321,ORTEL-BZ,ORTEL,NSE,ORTEL
21747,EDUCOMP-BZ,EDUCOMP,NSE,EDUCOMP
11619,GOLDENTOBC-BZ,GOLDENTOBC,NSE,GOLDENTOBC
13060,NAGAFERT-BZ,NAGAFERT,NSE,NAGAFERT
11371,BGLOBAL-BZ,BGLOBAL,NSE,BGLOBAL
19676,CMICABLES-BZ,CMICABLES,NSE,CMICABLES
766361,CRSL-BZ,CRSL,NSE,CRSL
17920,HDIL-BZ,HDIL,NSE,HDIL
29015,ARSHIYA-BZ,ARSHIYA,NSE,ARSHIYA
18024,SETUINFRA-BZ,SETUINFRA,NSE,SETUINFRA
29210,SITINET-BZ,SITINET,NSE,SITINET
29016,CEREBRAINT-BZ,CEREBRAINT,NSE,CEREBRAINT
13812,FEL-BZ,FEL,NSE,FEL
19698,HMT-BZ,HMT,NSE,HMT
46,SANWARIA-BZ,SANWARIA,NSE,SANWARIA
19670,COMPINFO-BZ,COMPINFO,NSE,COMPINFO
19677,ANSALAPI-BZ,ANSALAPI,NSE,ANSALAPI
25876,MORARJEE-BZ,MORARJEE,NSE,MORARJEE
9380,IL&FSENGG-BZ,IL&FSENGG,NSE,IL&FSENGG
25881,IMPEXFERRO-BZ,IMPEXFERRO,NSE,IMPEXFERRO
758842,GENSOL-BZ,GENSOL,NSE,GENSOL
6259,RAJVIR-BZ,RAJVIR,NSE,RAJVIR
766359,OSIAHYPER-BZ,OSIAHYPER,NSE,OSIAHYPER
25878,ANKITMETAL-BZ,ANKITMETAL,NSE,ANKITMETAL
25882,MEP-BZ,MEP,NSE,MEP
759202,AGSTRA-BZ,AGSTRA,NSE,AGSTRA
24107,SKIL-BZ,SKIL,NSE,SKIL
766360,WARDINMOBI-BZ,WARDINMOBI,NSE,WARDINMOBI
764445,ASTRON-BZ,ASTRON,NSE,ASTRON
9381,IL&FSTRANS-BZ,IL&FSTRANS,NSE,IL&FSTRANS
30491,FELDVR-BZ,FELDVR,NSE,FELDVR
14868,FLFL-BZ,FLFL,NSE,FLFL
758836,SIMBHALS-BZ,SIMBHALS,NSE,SIMBHALS
759204,RHFL-BZ,RHFL,NSE,RHFL
760461,RAJESHEXPO-BZ,RAJESHEXPO,NSE,RAJESHEXPO
758997,SUPREMEENG-BZ,SUPREMEENG,NSE,SUPREMEENG
760252,SHRENIK-BZ,SHRENIK,NSE,SHRENIK
4774,LAKPRE-BZ,LAKPRE,NSE,LAKPRE
759203,DHARAN-BZ,DHARAN,NSE,DHARAN
